collection_no,source_database,collection.authorizer,occurrence.genus_reso,occurrence.genus_name,original.genus_reso,original.genus_name,collection.reference_no,10_my_bin
614,PaleoDB,"J. Sepkoski",,Otarion,,,13,"Devonian 3"
616,PaleoDB,"J. Sepkoski",,Proetus,,,13,"Devonian 3"
616,PaleoDB,"J. Sepkoski",,Leonaspis,,,13,"Devonian 3"
619,PaleoDB,"A. Miller",,Otarion,,,13,"Devonian 3"
622,PaleoDB,"A. Miller",,Dechenella,,,13,"Devonian 3"
627,PaleoDB,"A. Miller",,Trimerus,,,841,"Devonian 3"
627,PaleoDB,"A. Miller",,Greenops,,,841,"Devonian 3"
627,PaleoDB,"A. Miller",,Phacops,,,841,"Devonian 3"
627,PaleoDB,"A. Miller",,Dechenella,,,841,"Devonian 3"
632,PaleoDB,"A. Miller",,Proetus,,,13,"Devonian 4"
660,PaleoDB,"A. Miller",,Otarion,,,13,"Devonian 3"
668,PaleoDB,"A. Miller",,Proetus,,,18530,"Devonian 4"
669,PaleoDB,"A. Miller",,Trimerus,,,13,"Devonian 3"
669,PaleoDB,"A. Miller",,Phacops,,,13,"Devonian 3"
670,PaleoDB,"A. Miller",,Trimerus,,,13,"Devonian 3"
670,PaleoDB,"A. Miller",,Greenops,,,13,"Devonian 3"
670,PaleoDB,"A. Miller",,Phacops,,,13,"Devonian 3"
3639,PaleoDB,"P. Wagner",,Dechenella,,,221,"Devonian 3"
3844,Fossilworks,"J. Alroy",,Proetus,,,257,"Devonian 3"
3845,Fossilworks,"J. Alroy",,Harpidella,,,257,"Devonian 3"
3845,Fossilworks,"J. Alroy",,Acanthopyge,,,257,"Devonian 3"
3845,Fossilworks,"J. Alroy",,Mystrocephala,,,257,"Devonian 3"
3845,Fossilworks,"J. Alroy",,Mannopyge,,,257,"Devonian 3"
3845,Fossilworks,"J. Alroy",,Dechenella,,,257,"Devonian 3"
3845,Fossilworks,"J. Alroy",,Crassiproetus,,,257,"Devonian 3"
3845,Fossilworks,"J. Alroy",,Proetus,,,257,"Devonian 3"
3850,Fossilworks,"J. Alroy",,Dechenella,,,257,"Devonian 3"
3853,Fossilworks,"J. Alroy",,Dechenella,,,257,"Devonian 3"
5619,PaleoDB,"A. Miller",,Eldredgeops,,Phacops,347,"Devonian 3"
5620,PaleoDB,"A. Miller",,Eldredgeops,,Phacops,347,"Devonian 3"
5620,PaleoDB,"A. Miller",,Greenops,,,347,"Devonian 3"
5657,PaleoDB,"A. Miller",,Eldredgeops,,Phacops,347,"Devonian 3"
5657,PaleoDB,"A. Miller",,Greenops,,,347,"Devonian 3"
5661,PaleoDB,"A. Miller",,Eldredgeops,,Phacops,347,"Devonian 3"
5661,PaleoDB,"A. Miller",,Greenops,,,347,"Devonian 3"
5664,PaleoDB,"A. Miller",,Eldredgeops,,Phacops,347,"Devonian 3"
5665,PaleoDB,"A. Miller",,Greenops,,,347,"Devonian 3"
5665,PaleoDB,"A. Miller",,Eldredgeops,,Phacops,347,"Devonian 3"
5666,PaleoDB,"A. Miller",,Eldredgeops,,Phacops,347,"Devonian 3"
5667,PaleoDB,"A. Miller",,Eldredgeops,,Phacops,347,"Devonian 3"
5668,PaleoDB,"A. Miller",,Eldredgeops,,Phacops,347,"Devonian 3"
5668,PaleoDB,"A. Miller",,Greenops,,,347,"Devonian 3"
5669,PaleoDB,"A. Miller",,Eldredgeops,,Phacops,347,"Devonian 3"
5702,PaleoDB,"A. Miller",,Anchiopsis,,,350,"Devonian 3"
5706,PaleoDB,"A. Miller",,Coronura,,,350,"Devonian 3"
5767,PaleoDB,"A. Miller",,Proetus,,,357,"Devonian 3"
5767,PaleoDB,"A. Miller",,Otarion,,,357,"Devonian 3"
5767,PaleoDB,"A. Miller",,Dechenella,,,357,"Devonian 3"
5767,PaleoDB,"A. Miller",,Schizoproetus,,,357,"Devonian 3"
5767,PaleoDB,"A. Miller",,Scutellum,,,357,"Devonian 3"
5768,PaleoDB,"A. Miller",,Harpes,,,358,"Devonian 3"
5768,PaleoDB,"A. Miller",,Koneprusia,,,358,"Devonian 3"
5768,PaleoDB,"A. Miller",,Leonaspis,,,358,"Devonian 3"
5768,PaleoDB,"A. Miller",,Phacops,,,358,"Devonian 3"
5768,PaleoDB,"A. Miller",,Aulacopleura,,,358,"Devonian 3"
5768,PaleoDB,"A. Miller",,Cyphaspides,,,358,"Devonian 3"
5768,PaleoDB,"A. Miller",,Otarion,,Otarionella,358,"Devonian 3"
5768,PaleoDB,"A. Miller",,Otarion,,,358,"Devonian 3"
5768,PaleoDB,"A. Miller",,Tropidocoryphe,,,358,"Devonian 3"
5768,PaleoDB,"A. Miller",,Benesovella,,,358,"Devonian 3"
5768,PaleoDB,"A. Miller",,Phaetonellus,,,358,"Devonian 3"
5768,PaleoDB,"A. Miller",,Cornuproetus,,,358,"Devonian 3"
5768,PaleoDB,"A. Miller",,Proetopeltis,,,358,"Devonian 3"
5768,PaleoDB,"A. Miller",,Thysanopeltella,,,358,"Devonian 3"
5768,PaleoDB,"A. Miller",,Thysanopeltis,,,358,"Devonian 3"
5770,PaleoDB,"A. Miller",,Ancyropyge,,,360,"Devonian 3"
5770,PaleoDB,"A. Miller",,Ancyropyge,,,360,"Devonian 3"
5770,PaleoDB,"A. Miller",,Scutellum,,,360,"Devonian 3"
5770,PaleoDB,"A. Miller",,Cyphaspis,,,360,"Devonian 3"
5770,PaleoDB,"A. Miller",,Gerastos,,,360,"Devonian 3"
5770,PaleoDB,"A. Miller",,Dechenella,,,360,"Devonian 3"
5770,PaleoDB,"A. Miller",,Schizoproetus,,,360,"Devonian 3"
5778,PaleoDB,"A. Miller",,Archegonus,,,357,"Devonian 3"
5778,PaleoDB,"A. Miller",,Archegonus,,,357,"Devonian 3"
5778,PaleoDB,"A. Miller",,Liobole,,,357,"Devonian 3"
5778,PaleoDB,"A. Miller",,Spinibole,,,357,"Devonian 3"
5865,PaleoDB,"A. Miller",,Harpes,,Reticuloharpes,367,"Devonian 3"
5865,PaleoDB,"A. Miller",,Koneprusia,,,367,"Devonian 3"
5865,PaleoDB,"A. Miller",,Leonaspis,,,367,"Devonian 3"
5865,PaleoDB,"A. Miller",,Phacops,,,367,"Devonian 3"
5865,PaleoDB,"A. Miller",,Cyphaspides,,,367,"Devonian 3"
5865,PaleoDB,"A. Miller",,Otarion,,Otarionella,367,"Devonian 3"
5865,PaleoDB,"A. Miller",,Otarion,,,367,"Devonian 3"
5865,PaleoDB,"A. Miller",,Tropidocoryphe,,,367,"Devonian 3"
5865,PaleoDB,"A. Miller",,Benesovella,,,367,"Devonian 3"
5865,PaleoDB,"A. Miller",,Phaetonellus,,,367,"Devonian 3"
5865,PaleoDB,"A. Miller",,Cornuproetus,,,367,"Devonian 3"
5865,PaleoDB,"A. Miller",,Proetus,,,367,"Devonian 3"
5865,PaleoDB,"A. Miller",,Thysanopeltis,,,367,"Devonian 3"
5865,PaleoDB,"A. Miller",,Thysanopeltis,,,367,"Devonian 3"
5907,PaleoDB,"A. Miller",,Cheirurus,,,372,"Devonian 3"
5907,PaleoDB,"A. Miller",,Cyphaspides,,,372,"Devonian 3"
5907,PaleoDB,"A. Miller",,Otarion,,,372,"Devonian 3"
5907,PaleoDB,"A. Miller",,Phaetonellus,,,372,"Devonian 3"
5907,PaleoDB,"A. Miller",,Eremiproetus,,,372,"Devonian 3"
5907,PaleoDB,"A. Miller",,Proetus,,,372,"Devonian 3"
5907,PaleoDB,"A. Miller",,Orbitoproetus,,,372,"Devonian 3"
5907,PaleoDB,"A. Miller",,Tenuipeltis,,,372,"Devonian 3"
5907,PaleoDB,"A. Miller",,Scabriscutellum,,,372,"Devonian 3"
5907,PaleoDB,"A. Miller",,Acanthopyge,,,372,"Devonian 3"
5907,PaleoDB,"A. Miller",,Phacops,,,372,"Devonian 3"
6718,PaleoDB,"A. Miller",,Proetus,,,17138,"Devonian 3"
6719,PaleoDB,"A. Miller",,Proetus,,,17138,"Devonian 3"
6720,PaleoDB,"A. Miller",,Proetus,,,17138,"Devonian 3"
6721,PaleoDB,"A. Miller",,Proetus,,,17138,"Devonian 3"
6722,PaleoDB,"A. Miller",,Proetus,,,17138,"Devonian 3"
6723,PaleoDB,"A. Miller",,Proetus,,,17138,"Devonian 3"
6724,PaleoDB,"A. Miller",,Proetus,,,17138,"Devonian 3"
6725,PaleoDB,"A. Miller",,Proetus,,,17138,"Devonian 3"
6726,PaleoDB,"A. Miller",,Proetus,,,17138,"Devonian 4"
8711,PaleoDB,"A. Miller",,Eldredgeops,,Phacops,683,"Devonian 3"
8711,PaleoDB,"A. Miller",,Greenops,,,683,"Devonian 3"
8713,PaleoDB,"A. Miller",,Eldredgeops,,Phacops,683,"Devonian 3"
8714,PaleoDB,"A. Miller",,Eldredgeops,,Phacops,683,"Devonian 3"
8714,PaleoDB,"A. Miller",,Greenops,,,683,"Devonian 3"
8715,PaleoDB,"A. Miller",,Eldredgeops,,Phacops,683,"Devonian 3"
8715,PaleoDB,"A. Miller",,Greenops,,,683,"Devonian 3"
8716,PaleoDB,"A. Miller",,Eldredgeops,,Phacops,683,"Devonian 3"
8716,PaleoDB,"A. Miller",,Greenops,,,683,"Devonian 3"
8717,PaleoDB,"A. Miller",,Eldredgeops,,Phacops,683,"Devonian 3"
8718,PaleoDB,"A. Miller",,Eldredgeops,,Phacops,683,"Devonian 3"
8722,PaleoDB,"A. Miller",,Eldredgeops,,Phacops,683,"Devonian 3"
8723,PaleoDB,"A. Miller",,Eldredgeops,,Phacops,683,"Devonian 3"
8724,PaleoDB,"A. Miller",,Eldredgeops,,Phacops,683,"Devonian 3"
8725,PaleoDB,"A. Miller",,Eldredgeops,,Phacops,683,"Devonian 3"
8726,PaleoDB,"A. Miller",,Eldredgeops,,Phacops,683,"Devonian 3"
8727,PaleoDB,"A. Miller",,Eldredgeops,,Phacops,683,"Devonian 3"
8727,PaleoDB,"A. Miller",,Dipleura,,,683,"Devonian 3"
8728,PaleoDB,"A. Miller",,Greenops,,,683,"Devonian 3"
8728,PaleoDB,"A. Miller",,Eldredgeops,,Phacops,683,"Devonian 3"
8729,PaleoDB,"A. Miller",,Eldredgeops,,Phacops,683,"Devonian 3"
8735,PaleoDB,"A. Miller",,Eldredgeops,,Phacops,683,"Devonian 3"
8737,PaleoDB,"A. Miller",,Eldredgeops,,Phacops,683,"Devonian 3"
8740,PaleoDB,"A. Miller",,Eldredgeops,,Phacops,683,"Devonian 3"
8753,PaleoDB,"A. Miller",,Eldredgeops,,Phacops,683,"Devonian 3"
8755,PaleoDB,"A. Miller",,Greenops,,,684,"Devonian 3"
8756,PaleoDB,"A. Miller",,Greenops,,,684,"Devonian 3"
8757,PaleoDB,"A. Miller",,Greenops,,,684,"Devonian 3"
8758,PaleoDB,"A. Miller",,Phacops,,,684,"Devonian 3"
8759,PaleoDB,"A. Miller",,Phacops,,,684,"Devonian 3"
8759,PaleoDB,"A. Miller",,Greenops,,,684,"Devonian 3"
8760,PaleoDB,"A. Miller",,Phacops,,,684,"Devonian 3"
8760,PaleoDB,"A. Miller",,Greenops,,,684,"Devonian 3"
8764,PaleoDB,"A. Miller",,Phacops,,,684,"Devonian 3"
8764,PaleoDB,"A. Miller",,Greenops,,,684,"Devonian 3"
8765,PaleoDB,"A. Miller",,Phacops,,,684,"Devonian 3"
8765,PaleoDB,"A. Miller",,Greenops,,,684,"Devonian 3"
8766,PaleoDB,"A. Miller",,Phacops,,,684,"Devonian 3"
8767,PaleoDB,"A. Miller",,Phacops,,,684,"Devonian 3"
8767,PaleoDB,"A. Miller",,Greenops,,,684,"Devonian 3"
8768,PaleoDB,"A. Miller",,Phacops,,,684,"Devonian 3"
8768,PaleoDB,"A. Miller",,Greenops,,,684,"Devonian 3"
8769,PaleoDB,"A. Miller",,Phacops,,,684,"Devonian 3"
8769,PaleoDB,"A. Miller",,Greenops,,,684,"Devonian 3"
8770,PaleoDB,"A. Miller",,Phacops,,,684,"Devonian 3"
8771,PaleoDB,"A. Miller",,Phacops,,,684,"Devonian 3"
8779,PaleoDB,"A. Miller",,Phacops,,,684,"Devonian 3"
8780,PaleoDB,"A. Miller",,Phacops,,,684,"Devonian 3"
8786,PaleoDB,"A. Miller",,Phacops,,,684,"Devonian 3"
8786,PaleoDB,"A. Miller",,Greenops,,,684,"Devonian 3"
8787,PaleoDB,"A. Miller",,Phacops,,,684,"Devonian 3"
8788,PaleoDB,"A. Miller",,Phacops,,,684,"Devonian 3"
8789,PaleoDB,"A. Miller",,Phacops,,,684,"Devonian 3"
8789,PaleoDB,"A. Miller",,Greenops,,,684,"Devonian 3"
8790,PaleoDB,"A. Miller",,Phacops,,,684,"Devonian 3"
8791,PaleoDB,"A. Miller",,Phacops,,,684,"Devonian 3"
8791,PaleoDB,"A. Miller",,Greenops,,,684,"Devonian 3"
8792,PaleoDB,"A. Miller",,Phacops,,,684,"Devonian 3"
8793,PaleoDB,"A. Miller",,Phacops,,,684,"Devonian 3"
8793,PaleoDB,"A. Miller",,Greenops,,,684,"Devonian 3"
8794,PaleoDB,"A. Miller",,Phacops,,,684,"Devonian 3"
8794,PaleoDB,"A. Miller",,Greenops,,,684,"Devonian 3"
8795,PaleoDB,"A. Miller",,Phacops,,,684,"Devonian 3"
8795,PaleoDB,"A. Miller",,Greenops,,,684,"Devonian 3"
8796,PaleoDB,"A. Miller",,Phacops,,,684,"Devonian 3"
8796,PaleoDB,"A. Miller",,Greenops,,,684,"Devonian 3"
8797,PaleoDB,"A. Miller",,Phacops,,,684,"Devonian 3"
8797,PaleoDB,"A. Miller",,Greenops,,,684,"Devonian 3"
8798,PaleoDB,"A. Miller",,Phacops,,,684,"Devonian 3"
8798,PaleoDB,"A. Miller",,Greenops,,,684,"Devonian 3"
8799,PaleoDB,"A. Miller",,Phacops,,,684,"Devonian 3"
8799,PaleoDB,"A. Miller",,Greenops,,,684,"Devonian 3"
8808,PaleoDB,"A. Miller",,Eldredgeops,,Phacops,746,"Devonian 3"
8808,PaleoDB,"A. Miller",,Greenops,,,746,"Devonian 3"
8808,PaleoDB,"A. Miller",,Dipleura,,,746,"Devonian 3"
8809,PaleoDB,"A. Miller",,Eldredgeops,,Phacops,746,"Devonian 3"
8809,PaleoDB,"A. Miller",,Dipleura,,,746,"Devonian 3"
8810,PaleoDB,"A. Miller",,Eldredgeops,,Phacops,746,"Devonian 3"
8810,PaleoDB,"A. Miller",,Greenops,,,746,"Devonian 3"
8811,PaleoDB,"A. Miller",,Eldredgeops,,Phacops,746,"Devonian 3"
8811,PaleoDB,"A. Miller",,Greenops,,,746,"Devonian 3"
8811,PaleoDB,"A. Miller",,Dipleura,,,746,"Devonian 3"
8812,PaleoDB,"A. Miller",,Dipleura,,,746,"Devonian 3"
8812,PaleoDB,"A. Miller",,Eldredgeops,,Phacops,746,"Devonian 3"
8813,PaleoDB,"A. Miller",,Eldredgeops,,Phacops,746,"Devonian 3"
8813,PaleoDB,"A. Miller",,Greenops,,,746,"Devonian 3"
8813,PaleoDB,"A. Miller",,Dipleura,,,746,"Devonian 3"
8814,PaleoDB,"A. Miller",,Eldredgeops,,Phacops,746,"Devonian 3"
8814,PaleoDB,"A. Miller",,Greenops,,,746,"Devonian 3"
8814,PaleoDB,"A. Miller",,Dipleura,,,746,"Devonian 3"
8817,PaleoDB,"A. Miller",,Eldredgeops,,Phacops,746,"Devonian 3"
8817,PaleoDB,"A. Miller",,Dipleura,,,746,"Devonian 3"
8818,PaleoDB,"A. Miller",,Dipleura,,,746,"Devonian 3"
8819,PaleoDB,"A. Miller",,Eldredgeops,,Phacops,746,"Devonian 3"
8819,PaleoDB,"A. Miller",,Dipleura,,,746,"Devonian 3"
8820,PaleoDB,"A. Miller",,Eldredgeops,,Phacops,746,"Devonian 3"
8820,PaleoDB,"A. Miller",,Greenops,,,746,"Devonian 3"
8820,PaleoDB,"A. Miller",,Dipleura,,,746,"Devonian 3"
8821,PaleoDB,"A. Miller",,Eldredgeops,,Phacops,746,"Devonian 3"
8822,PaleoDB,"A. Miller",,Eldredgeops,,Phacops,746,"Devonian 3"
8822,PaleoDB,"A. Miller",,Dipleura,,,746,"Devonian 3"
8823,PaleoDB,"A. Miller",,Dipleura,,,746,"Devonian 3"
8825,PaleoDB,"A. Miller",,Dipleura,,,746,"Devonian 3"
8826,PaleoDB,"A. Miller",,Eldredgeops,,Phacops,746,"Devonian 3"
8827,PaleoDB,"A. Miller",,Greenops,,,746,"Devonian 3"
8828,PaleoDB,"A. Miller",,Eldredgeops,,Phacops,746,"Devonian 3"
8828,PaleoDB,"A. Miller",,Greenops,,,746,"Devonian 3"
8829,PaleoDB,"A. Miller",,Eldredgeops,,Phacops,746,"Devonian 3"
8829,PaleoDB,"A. Miller",,Greenops,,,746,"Devonian 3"
8830,PaleoDB,"A. Miller",,Dipleura,,,746,"Devonian 3"
8832,PaleoDB,"A. Miller",,Dipleura,,,746,"Devonian 3"
8833,PaleoDB,"A. Miller",,Greenops,,,746,"Devonian 3"
8913,PaleoDB,"A. Miller",,Dipleura,,,746,"Devonian 3"
8914,PaleoDB,"A. Miller",,Eldredgeops,,Phacops,746,"Devonian 3"
8916,PaleoDB,"A. Miller",,Eldredgeops,,Phacops,746,"Devonian 3"
8917,PaleoDB,"A. Miller",,Dipleura,,,746,"Devonian 3"
8918,PaleoDB,"A. Miller",,Eldredgeops,,Phacops,746,"Devonian 3"
8919,PaleoDB,"A. Miller",,Eldredgeops,,Phacops,746,"Devonian 3"
8919,PaleoDB,"A. Miller",,Dipleura,,,746,"Devonian 3"
8924,PaleoDB,"A. Miller",,Eldredgeops,,Phacops,746,"Devonian 3"
8924,PaleoDB,"A. Miller",,Greenops,,,746,"Devonian 3"
8925,PaleoDB,"A. Miller",,Eldredgeops,,Phacops,746,"Devonian 3"
8925,PaleoDB,"A. Miller",,Greenops,,,746,"Devonian 3"
8926,PaleoDB,"A. Miller",,Eldredgeops,,Phacops,746,"Devonian 3"
8926,PaleoDB,"A. Miller",,Greenops,,,746,"Devonian 3"
8927,PaleoDB,"A. Miller",,Proetus,,,746,"Devonian 3"
8927,PaleoDB,"A. Miller",,Eldredgeops,,Phacops,746,"Devonian 3"
8928,PaleoDB,"A. Miller",,Eldredgeops,,Phacops,746,"Devonian 3"
8928,PaleoDB,"A. Miller",,Greenops,,,746,"Devonian 3"
8929,PaleoDB,"A. Miller",,Eldredgeops,,Phacops,746,"Devonian 3"
8930,PaleoDB,"A. Miller",,Eldredgeops,,Phacops,746,"Devonian 3"
8930,PaleoDB,"A. Miller",,Greenops,,,746,"Devonian 3"
8931,PaleoDB,"A. Miller",,Eldredgeops,,Phacops,746,"Devonian 3"
8932,PaleoDB,"A. Miller",,Eldredgeops,,Phacops,746,"Devonian 3"
8932,PaleoDB,"A. Miller",,Greenops,,,746,"Devonian 3"
8959,PaleoDB,"A. Miller",,Eldredgeops,,Phacops,746,"Devonian 3"
8959,PaleoDB,"A. Miller",,Greenops,,,746,"Devonian 3"
8959,PaleoDB,"A. Miller",,Dipleura,,,746,"Devonian 3"
8960,PaleoDB,"A. Miller",,Dipleura,,,746,"Devonian 3"
8961,PaleoDB,"A. Miller",,Dipleura,,,746,"Devonian 3"
8962,PaleoDB,"A. Miller",,Dipleura,,,746,"Devonian 3"
8963,PaleoDB,"A. Miller",,Dipleura,,,746,"Devonian 3"
8964,PaleoDB,"A. Miller",,Dipleura,,,746,"Devonian 3"
8965,PaleoDB,"A. Miller",,Dipleura,,,746,"Devonian 3"
8967,PaleoDB,"A. Miller",,Dipleura,,,746,"Devonian 3"
8968,PaleoDB,"A. Miller",,Greenops,,,746,"Devonian 3"
8968,PaleoDB,"A. Miller",,Dipleura,,,746,"Devonian 3"
8969,PaleoDB,"A. Miller",,Dipleura,,,746,"Devonian 3"
8970,PaleoDB,"A. Miller",,Dipleura,,,746,"Devonian 3"
8971,PaleoDB,"A. Miller",,Dipleura,,,746,"Devonian 3"
8972,PaleoDB,"A. Miller",,Dipleura,,,746,"Devonian 3"
8978,PaleoDB,"A. Miller",,Eldredgeops,,Phacops,762,"Devonian 3"
8979,PaleoDB,"A. Miller",,Eldredgeops,,Phacops,762,"Devonian 3"
8982,PaleoDB,"A. Miller",,Eldredgeops,,Phacops,762,"Devonian 3"
8983,PaleoDB,"A. Miller",,Eldredgeops,,Phacops,762,"Devonian 3"
8984,PaleoDB,"A. Miller",,Eldredgeops,,Phacops,762,"Devonian 3"
8985,PaleoDB,"A. Miller",,Eldredgeops,,Phacops,762,"Devonian 3"
8985,PaleoDB,"A. Miller",,Greenops,,,762,"Devonian 3"
8986,PaleoDB,"A. Miller",,Eldredgeops,,Phacops,762,"Devonian 3"
8986,PaleoDB,"A. Miller",,Greenops,,,762,"Devonian 3"
8987,PaleoDB,"A. Miller",,Eldredgeops,,Phacops,762,"Devonian 3"
8987,PaleoDB,"A. Miller",,Greenops,,,762,"Devonian 3"
8991,PaleoDB,"A. Miller",,Eldredgeops,,Phacops,762,"Devonian 3"
8992,PaleoDB,"A. Miller",,Eldredgeops,,Phacops,762,"Devonian 3"
8993,PaleoDB,"A. Miller",,Eldredgeops,,Phacops,762,"Devonian 3"
8993,PaleoDB,"A. Miller",,Greenops,,,762,"Devonian 3"
8994,PaleoDB,"A. Miller",,Eldredgeops,,Phacops,762,"Devonian 3"
8994,PaleoDB,"A. Miller",,Greenops,,,762,"Devonian 3"
8995,PaleoDB,"A. Miller",,Greenops,,,762,"Devonian 3"
8996,PaleoDB,"A. Miller",,Eldredgeops,,Phacops,762,"Devonian 3"
8999,PaleoDB,"A. Miller",,Eldredgeops,,Phacops,762,"Devonian 3"
9000,PaleoDB,"A. Miller",,Eldredgeops,,Phacops,762,"Devonian 3"
9001,PaleoDB,"A. Miller",,Eldredgeops,,Phacops,762,"Devonian 3"
9002,PaleoDB,"A. Miller",,Eldredgeops,,Phacops,762,"Devonian 3"
9003,PaleoDB,"A. Miller",,Eldredgeops,,Phacops,762,"Devonian 3"
9003,PaleoDB,"A. Miller",,Greenops,,,762,"Devonian 3"
9004,PaleoDB,"A. Miller",,Eldredgeops,,Phacops,762,"Devonian 3"
9004,PaleoDB,"A. Miller",,Greenops,,,762,"Devonian 3"
9005,PaleoDB,"A. Miller",,Eldredgeops,,Phacops,762,"Devonian 3"
9006,PaleoDB,"A. Miller",,Eldredgeops,,Phacops,762,"Devonian 3"
9016,PaleoDB,"A. Miller",,Eldredgeops,,Phacops,762,"Devonian 3"
9016,PaleoDB,"A. Miller",,Greenops,,,762,"Devonian 3"
9017,PaleoDB,"A. Miller",,Eldredgeops,,Phacops,762,"Devonian 3"
9018,PaleoDB,"A. Miller",,Dipleura,,,762,"Devonian 3"
9019,PaleoDB,"A. Miller",,Eldredgeops,,Phacops,762,"Devonian 3"
9019,PaleoDB,"A. Miller",,Greenops,,,762,"Devonian 3"
9019,PaleoDB,"A. Miller",,Dechenella,,,762,"Devonian 3"
9020,PaleoDB,"A. Miller",,Eldredgeops,,Phacops,762,"Devonian 3"
9020,PaleoDB,"A. Miller",,Greenops,,,762,"Devonian 3"
9027,PaleoDB,"A. Miller",,Greenops,,,762,"Devonian 3"
9028,PaleoDB,"A. Miller",,Eldredgeops,,Phacops,762,"Devonian 3"
9028,PaleoDB,"A. Miller",,Greenops,,,762,"Devonian 3"
9029,PaleoDB,"A. Miller",,Eldredgeops,,Phacops,762,"Devonian 3"
9029,PaleoDB,"A. Miller",,Greenops,,,762,"Devonian 3"
9029,PaleoDB,"A. Miller",,Dipleura,,,762,"Devonian 3"
9352,PaleoDB,"A. Miller",,Greenops,,,806,"Devonian 3"
9354,PaleoDB,"A. Miller",,Eldredgeops,,Phacops,806,"Devonian 3"
9354,PaleoDB,"A. Miller",,Greenops,,,806,"Devonian 3"
9355,PaleoDB,"A. Miller",,Greenops,,,806,"Devonian 3"
9367,PaleoDB,"A. Miller",,Phacops,,,807,"Devonian 3"
9368,PaleoDB,"A. Miller",,Phacops,,,807,"Devonian 3"
9369,PaleoDB,"A. Miller",,Phacops,,,807,"Devonian 3"
9370,PaleoDB,"A. Miller",,Phacops,,,807,"Devonian 3"
9371,PaleoDB,"A. Miller",,Phacops,,,807,"Devonian 3"
9372,PaleoDB,"A. Miller",,Phacops,,,807,"Devonian 3"
9525,PaleoDB,"A. Miller",,Greenops,,Cryphaeus,823,"Devonian 3"
9526,PaleoDB,"A. Miller",,Phacops,,,823,"Devonian 3"
9538,PaleoDB,"A. Miller",,Odontocephalus,,,827,"Devonian 3"
9538,PaleoDB,"A. Miller",,Phacops,,,827,"Devonian 3"
9539,PaleoDB,"A. Miller",,Phacops,,,827,"Devonian 3"
9540,PaleoDB,"A. Miller",,Phacops,,,827,"Devonian 3"
9540,PaleoDB,"A. Miller",,Odontocephalus,,,827,"Devonian 3"
9541,PaleoDB,"A. Miller",,Odontocephalus,,,827,"Devonian 3"
9542,PaleoDB,"A. Miller",,Odontocephalus,,,827,"Devonian 3"
9542,PaleoDB,"A. Miller",,Phacops,,,827,"Devonian 3"
9543,PaleoDB,"A. Miller",,Odontocephalus,,,827,"Devonian 3"
9550,PaleoDB,"A. Miller",,Odontocephalus,,,827,"Devonian 3"
9551,PaleoDB,"A. Miller",,Odontocephalus,,,827,"Devonian 3"
9552,PaleoDB,"A. Miller",,Odontocephalus,,,827,"Devonian 3"
9552,PaleoDB,"A. Miller",,Phacops,,,827,"Devonian 3"
9553,PaleoDB,"A. Miller",,Odontocephalus,,,827,"Devonian 3"
9553,PaleoDB,"A. Miller",,Phacops,,,827,"Devonian 3"
9553,PaleoDB,"A. Miller",,Proetus,,,827,"Devonian 3"
9554,PaleoDB,"A. Miller",,Odontocephalus,,,827,"Devonian 3"
9554,PaleoDB,"A. Miller",,Phacops,,,827,"Devonian 3"
9613,PaleoDB,"A. Miller",,Odontocephalus,,,827,"Devonian 3"
9613,PaleoDB,"A. Miller",,Phacops,,,827,"Devonian 3"
9614,PaleoDB,"A. Miller",,Phacops,,,827,"Devonian 3"
9615,PaleoDB,"A. Miller",,Odontocephalus,,,827,"Devonian 3"
9615,PaleoDB,"A. Miller",,Phacops,,,827,"Devonian 3"
9615,PaleoDB,"A. Miller",,Echinolichas,,,827,"Devonian 3"
9617,PaleoDB,"A. Miller",,Odontocephalus,,,827,"Devonian 3"
9617,PaleoDB,"A. Miller",,Phacops,,,827,"Devonian 3"
9617,PaleoDB,"A. Miller",,Proetus,,,827,"Devonian 3"
9657,PaleoDB,"A. Miller",,Trimerus,,,841,"Devonian 3"
9659,PaleoDB,"A. Miller",,Eldredgeops,,Phacops,841,"Devonian 3"
9659,PaleoDB,"A. Miller",,Greenops,,,841,"Devonian 3"
9661,PaleoDB,"A. Miller",,Trimerus,,,841,"Devonian 3"
9662,PaleoDB,"A. Miller",,Greenops,,,841,"Devonian 3"
9674,PaleoDB,"A. Miller",,Trimerus,,,841,"Devonian 3"
9707,PaleoDB,"A. Miller",,Trimerus,,,841,"Devonian 3"
9886,PaleoDB,"A. Miller",,Eldredgeops,,Phacops,841,"Devonian 3"
9888,PaleoDB,"A. Miller",,Greenops,,,841,"Devonian 3"
9888,PaleoDB,"A. Miller",,Eldredgeops,,Phacops,841,"Devonian 3"
9893,PaleoDB,"A. Miller",,Eldredgeops,,Phacops,841,"Devonian 3"
9893,PaleoDB,"A. Miller",,Greenops,,,841,"Devonian 3"
9895,PaleoDB,"A. Miller",,Greenops,,,841,"Devonian 3"
9896,PaleoDB,"A. Miller",,Trimerus,,,841,"Devonian 3"
9897,PaleoDB,"A. Miller",,Trimerus,,,841,"Devonian 3"
9898,PaleoDB,"A. Miller",,Trimerus,,,841,"Devonian 3"
9901,PaleoDB,"A. Miller",,Greenops,,,841,"Devonian 3"
9902,PaleoDB,"A. Miller",,Trimerus,,,841,"Devonian 3"
9905,PaleoDB,"A. Miller",,Trimerus,,,841,"Devonian 3"
9907,PaleoDB,"A. Miller",,Trimerus,,,841,"Devonian 3"
9908,PaleoDB,"A. Miller",,Eldredgeops,,Phacops,841,"Devonian 3"
9910,PaleoDB,"A. Miller",,Phacops,,,841,"Devonian 3"
9912,PaleoDB,"A. Miller",,Eldredgeops,,Phacops,841,"Devonian 3"
9915,PaleoDB,"A. Miller",,Eldredgeops,,Phacops,841,"Devonian 3"
9916,PaleoDB,"A. Miller",,Greenops,,,841,"Devonian 3"
9916,PaleoDB,"A. Miller",,Eldredgeops,,Phacops,841,"Devonian 3"
9924,PaleoDB,"A. Miller",,Trimerus,,,841,"Devonian 3"
9926,PaleoDB,"A. Miller",,Trimerus,,,841,"Devonian 3"
9991,PaleoDB,"A. Miller",,Eldredgeops,,Phacops,841,"Devonian 3"
10101,PaleoDB,"A. Miller",,Eldredgeops,,Phacops,905,"Devonian 3"
10107,PaleoDB,"A. Miller",,Eldredgeops,,Phacops,905,"Devonian 3"
10107,PaleoDB,"A. Miller",,Dechenella,,,905,"Devonian 3"
10108,PaleoDB,"A. Miller",,Eldredgeops,,Phacops,905,"Devonian 3"
10108,PaleoDB,"A. Miller",,Greenops,,,905,"Devonian 3"
10109,PaleoDB,"A. Miller",,Eldredgeops,,Phacops,905,"Devonian 3"
10109,PaleoDB,"A. Miller",,Greenops,,,905,"Devonian 3"
10110,PaleoDB,"A. Miller",,Eldredgeops,,Phacops,905,"Devonian 3"
10110,PaleoDB,"A. Miller",,Greenops,,,905,"Devonian 3"
10119,PaleoDB,"A. Miller",,Eldredgeops,,Phacops,905,"Devonian 3"
10119,PaleoDB,"A. Miller",,Dechenella,,,905,"Devonian 3"
10457,PaleoDB,"A. Miller",,Eldredgeops,,Phacops,3859,"Devonian 3"
10459,PaleoDB,"A. Miller",,Eldredgeops,,Phacops,3859,"Devonian 3"
10459,PaleoDB,"A. Miller",,Greenops,,,3859,"Devonian 3"
10459,PaleoDB,"A. Miller",,Dipleura,,,3859,"Devonian 3"
10461,PaleoDB,"A. Miller",,Greenops,,,3859,"Devonian 3"
10461,PaleoDB,"A. Miller",,Eldredgeops,,Phacops,3859,"Devonian 3"
10474,PaleoDB,"A. Miller",,Acanthopyge,,,3820,"Devonian 3"
10474,PaleoDB,"A. Miller",,Thysanopeltis,,,3820,"Devonian 3"
10474,PaleoDB,"A. Miller",,Leonaspis,,,3820,"Devonian 3"
10474,PaleoDB,"A. Miller",,Cheirurus,,,3820,"Devonian 3"
10474,PaleoDB,"A. Miller",,Aulacopleurina,,,3820,"Devonian 3"
10474,PaleoDB,"A. Miller",,Cyphaspides,,,3820,"Devonian 3"
10474,PaleoDB,"A. Miller",,Otarion,,,3820,"Devonian 3"
10474,PaleoDB,"A. Miller",,Cyrtosymboloides,,,3820,"Devonian 3"
10474,PaleoDB,"A. Miller",,Tafilaltaspis,,,3820,"Devonian 3"
10474,PaleoDB,"A. Miller",,Macroblepharum,,,3820,"Devonian 3"
10474,PaleoDB,"A. Miller",,Piriproetus,,,3820,"Devonian 3"
10474,PaleoDB,"A. Miller",,Koneprusites,,,3820,"Devonian 3"
10474,PaleoDB,"A. Miller",,Proetopeltis,,,3820,"Devonian 3"
10474,PaleoDB,"A. Miller",,Phaetonellus,,,3820,"Devonian 3"
10474,PaleoDB,"A. Miller",,Phacops,,,3820,"Devonian 3"
10474,PaleoDB,"A. Miller",,Phacops,,,3820,"Devonian 3"
10474,PaleoDB,"A. Miller",,Phacops,,,3820,"Devonian 3"
10520,PaleoDB,"A. Miller",,Phacops,,,3893,"Devonian 3"
10520,PaleoDB,"A. Miller",,Greenops,,,3893,"Devonian 3"
10523,PaleoDB,"A. Miller",,Phacops,,,3893,"Devonian 3"
10523,PaleoDB,"A. Miller",,Greenops,,,3893,"Devonian 3"
10535,PaleoDB,"A. Miller",,Phacops,,,3893,"Devonian 3"
10540,PaleoDB,"A. Miller",,Dipleura,,,3893,"Devonian 3"
10542,PaleoDB,"A. Miller",,Phacops,,,3893,"Devonian 3"
10543,PaleoDB,"A. Miller",,Dipleura,,,3893,"Devonian 3"
10556,PaleoDB,"A. Miller",,Phacops,,,3893,"Devonian 3"
11101,PaleoDB,"A. Miller",,Eldredgeops,,Phacops,4088,"Devonian 3"
11101,PaleoDB,"A. Miller",,Dechenella,,,4088,"Devonian 3"
11101,PaleoDB,"A. Miller",,Proetus,,,4088,"Devonian 3"
11101,PaleoDB,"A. Miller",,Greenops,,,4088,"Devonian 3"
12040,PaleoDB,"A. Miller",,Phacops,,,3820,"Devonian 3"
12040,PaleoDB,"A. Miller",,Acanthopyge,,,3820,"Devonian 3"
12040,PaleoDB,"A. Miller",,Scabriscutellum,,,3820,"Devonian 3"
12040,PaleoDB,"A. Miller",,Thysanopeltis,,,3820,"Devonian 3"
12040,PaleoDB,"A. Miller",,Isoprusia,,,3820,"Devonian 3"
12040,PaleoDB,"A. Miller",,Koneprusia,,,3820,"Devonian 3"
12040,PaleoDB,"A. Miller",,Leonaspis,,,3820,"Devonian 3"
12040,PaleoDB,"A. Miller",,Cheirurus,,,3820,"Devonian 3"
12040,PaleoDB,"A. Miller",,Aulacopleura,,,3820,"Devonian 3"
12040,PaleoDB,"A. Miller",,Aulacopleurina,,,3820,"Devonian 3"
12040,PaleoDB,"A. Miller",,Cyphaspides,,,3820,"Devonian 3"
12040,PaleoDB,"A. Miller",,Otarion,,,3820,"Devonian 3"
12040,PaleoDB,"A. Miller",,Koneprusites,,,3820,"Devonian 3"
12040,PaleoDB,"A. Miller",,Koneprusites,,,3820,"Devonian 3"
12040,PaleoDB,"A. Miller",?,Ignoproetus,,,3820,"Devonian 3"
12040,PaleoDB,"A. Miller",,Ignoproetus,,,3820,"Devonian 3"
12040,PaleoDB,"A. Miller",,Proetopeltis,,,3820,"Devonian 3"
12040,PaleoDB,"A. Miller",,Proetopeltis,,,3820,"Devonian 3"
12040,PaleoDB,"A. Miller",,Buchiproetus,,,3820,"Devonian 3"
12040,PaleoDB,"A. Miller",,Nagaproetus,,,3820,"Devonian 3"
12040,PaleoDB,"A. Miller",,Nagaproetus,,,3820,"Devonian 3"
12040,PaleoDB,"A. Miller",,Nagaproetus,,,3820,"Devonian 3"
12040,PaleoDB,"A. Miller",,Xiphogonium,,Trautensteinproetus,3820,"Devonian 3"
12040,PaleoDB,"A. Miller",,Phaetonellus,,,3820,"Devonian 3"
12040,PaleoDB,"A. Miller",,Phaetonellus,,,3820,"Devonian 3"
12040,PaleoDB,"A. Miller",,Eremiproetus,,,3820,"Devonian 3"
12040,PaleoDB,"A. Miller",,Benesovella,,,3820,"Devonian 3"
12040,PaleoDB,"A. Miller",,Alberticoryphe,,,3820,"Devonian 3"
12040,PaleoDB,"A. Miller",,Tropicoryphe,,,3820,"Devonian 3"
12040,PaleoDB,"A. Miller",,Orbitoproetus,,,3820,"Devonian 3"
12040,PaleoDB,"A. Miller",,Orbitoproetus,,,3820,"Devonian 3"
12040,PaleoDB,"A. Miller",,Erbenites,,,3820,"Devonian 3"
12040,PaleoDB,"A. Miller",,Phacops,,,3820,"Devonian 3"
12040,PaleoDB,"A. Miller",,Lioharpes,,,3820,"Devonian 3"
12041,PaleoDB,"A. Miller",,Harpes,,,3820,"Devonian 3"
12041,PaleoDB,"A. Miller",,Thysanopeltis,,,3820,"Devonian 3"
12041,PaleoDB,"A. Miller",,Aulacopleura,,,3820,"Devonian 3"
12041,PaleoDB,"A. Miller",,Cyphaspides,,,3820,"Devonian 3"
12041,PaleoDB,"A. Miller",,Otarion,,,3820,"Devonian 3"
12041,PaleoDB,"A. Miller",,Eocryphops,,,3820,"Devonian 3"
12041,PaleoDB,"A. Miller",,Struveaspis,,,3820,"Devonian 3"
12041,PaleoDB,"A. Miller",,Struveaspis,,,3820,"Devonian 3"
12041,PaleoDB,"A. Miller",,Phacops,,,3820,"Devonian 3"
12041,PaleoDB,"A. Miller",,Phacops,,,3820,"Devonian 3"
12053,PaleoDB,"A. Miller",,Leonaspis,,,3820,"Devonian 3"
12053,PaleoDB,"A. Miller",,Harpes,,,3820,"Devonian 3"
12053,PaleoDB,"A. Miller",,Phacops,,,3820,"Devonian 3"
12252,PaleoDB,"A. Miller",,Koneprusites,,,4228,"Devonian 3"
12252,PaleoDB,"A. Miller",,Proetopeltis,,,4228,"Devonian 3"
12252,PaleoDB,"A. Miller",,Aulacopleurina,,,4228,"Devonian 3"
12252,PaleoDB,"A. Miller",,Thysanopeltis,,,4228,"Devonian 3"
12252,PaleoDB,"A. Miller",,Lioharpes,,,4228,"Devonian 3"
12252,PaleoDB,"A. Miller",,Acanthopyge,,,4228,"Devonian 3"
12252,PaleoDB,"A. Miller",,Leonaspis,,,4228,"Devonian 3"
12252,PaleoDB,"A. Miller",,Otarion,,,4228,"Devonian 3"
12252,PaleoDB,"A. Miller",,Struveaspis,,,4228,"Devonian 3"
12252,PaleoDB,"A. Miller",,Struveaspis,,,4228,"Devonian 3"
12252,PaleoDB,"A. Miller",,Eocryphops,,,4228,"Devonian 3"
12252,PaleoDB,"A. Miller",,Phacops,,,4228,"Devonian 3"
12252,PaleoDB,"A. Miller",,Phacops,,,4228,"Devonian 3"
12252,PaleoDB,"A. Miller",,Phacops,,,4228,"Devonian 3"
12252,PaleoDB,"A. Miller",,Cyrtosymboloides,,,4228,"Devonian 3"
12252,PaleoDB,"A. Miller",,Tafilaltaspis,,,4228,"Devonian 3"
12252,PaleoDB,"A. Miller",,Macroblepharum,,,4228,"Devonian 3"
12252,PaleoDB,"A. Miller",,Piriproetus,,,4228,"Devonian 3"
12257,PaleoDB,"A. Miller",,Proetopeltis,,,4228,"Devonian 3"
12257,PaleoDB,"A. Miller",,Buchiproetus,,,4228,"Devonian 3"
12257,PaleoDB,"A. Miller",,Nagaproetus,,,4228,"Devonian 3"
12257,PaleoDB,"A. Miller",,Nagaproetus,,,4228,"Devonian 3"
12257,PaleoDB,"A. Miller",,Nagaproetus,,,4228,"Devonian 3"
12257,PaleoDB,"A. Miller",,Xiphogonium,,Trautensteinproetus,4228,"Devonian 3"
12257,PaleoDB,"A. Miller",,Phaetonellus,,,4228,"Devonian 3"
12257,PaleoDB,"A. Miller",,Phaetonellus,,,4228,"Devonian 3"
12257,PaleoDB,"A. Miller",,Eremiproetus,,,4228,"Devonian 3"
12257,PaleoDB,"A. Miller",,Benesovella,,,4228,"Devonian 3"
12257,PaleoDB,"A. Miller",,Aulacopleurina,,,4228,"Devonian 3"
12257,PaleoDB,"A. Miller",,Alberticoryphe,,,4228,"Devonian 3"
12257,PaleoDB,"A. Miller",,Tropidocoryphe,,,4228,"Devonian 3"
12257,PaleoDB,"A. Miller",,Orbitoproetus,,,4228,"Devonian 3"
12257,PaleoDB,"A. Miller",,Orbitoproetus,,,4228,"Devonian 3"
12257,PaleoDB,"A. Miller",,Erbenites,,,4228,"Devonian 3"
12257,PaleoDB,"A. Miller",,Thysanopeltis,,,4228,"Devonian 3"
12257,PaleoDB,"A. Miller",,Kielania,,,4228,"Devonian 3"
12257,PaleoDB,"A. Miller",,Lioharpes,,,4228,"Devonian 3"
12257,PaleoDB,"A. Miller",,Acanthopyge,,,4228,"Devonian 3"
12257,PaleoDB,"A. Miller",,Isoprusia,,,4228,"Devonian 3"
12257,PaleoDB,"A. Miller",,Koneprusia,,,4228,"Devonian 3"
12257,PaleoDB,"A. Miller",,Leonaspis,,,4228,"Devonian 3"
12257,PaleoDB,"A. Miller",,Cyphaspides,,,4228,"Devonian 3"
12257,PaleoDB,"A. Miller",,Otarion,,,4228,"Devonian 3"
12257,PaleoDB,"A. Miller",,Cheirurus,,,4228,"Devonian 3"
12257,PaleoDB,"A. Miller",,Phacops,,,4228,"Devonian 3"
12257,PaleoDB,"A. Miller",,Koneprusites,,,4228,"Devonian 3"
12257,PaleoDB,"A. Miller",,Phacops,,,4228,"Devonian 3"
12257,PaleoDB,"A. Miller",,Koneprusites,,,4228,"Devonian 3"
12257,PaleoDB,"A. Miller",,Ignoproetus,,,4228,"Devonian 3"
12257,PaleoDB,"A. Miller",,Ignoproetus,,,4228,"Devonian 3"
12257,PaleoDB,"A. Miller",,Proetopeltis,,,4228,"Devonian 3"
12258,PaleoDB,"A. Miller",,Harpes,,Helioharpes,4228,"Devonian 3"
12259,PaleoDB,"A. Miller",,Harpes,,Helioharpes,4228,"Devonian 3"
12259,PaleoDB,"A. Miller",,Leonaspis,,,4228,"Devonian 3"
12259,PaleoDB,"A. Miller",,Phacops,,,4228,"Devonian 3"
25063,PaleoDB,"A. Miller",,Cornuproetus,,,7024,"Devonian 3"
25063,PaleoDB,"A. Miller",,Cyrtosymboloides,,,7024,"Devonian 3"
25063,PaleoDB,"A. Miller",,Struveaspis,,,7024,"Devonian 3"
25063,PaleoDB,"A. Miller",,Phacops,,,7024,"Devonian 3"
25118,PaleoDB,"A. Miller",,Otarion,,Otarionella,7042,"Devonian 3"
25118,PaleoDB,"A. Miller",,Cyphaspides,,,7042,"Devonian 3"
25118,PaleoDB,"A. Miller",,Otarion,,,7042,"Devonian 3"
25118,PaleoDB,"A. Miller",,Phaetonellus,,,7042,"Devonian 3"
25118,PaleoDB,"A. Miller",,Koneprusia,,,7042,"Devonian 3"
25118,PaleoDB,"A. Miller",,Proetopeltis,,,7042,"Devonian 3"
25118,PaleoDB,"A. Miller",,Benesovella,,,7042,"Devonian 3"
25118,PaleoDB,"A. Miller",,Phacops,,,7042,"Devonian 3"
25118,PaleoDB,"A. Miller",,Thysanopeltella,,,7042,"Devonian 3"
25118,PaleoDB,"A. Miller",,Thysanopeltis,,,7042,"Devonian 3"
25118,PaleoDB,"A. Miller",,Leonaspis,,,7042,"Devonian 3"
25364,PaleoDB,"W. Kiessling",,Scutellum,,,7100,"Devonian 3"
25817,PaleoDB,"M. Foote",,Cyphaspides,,,7183,"Devonian 3"
25817,PaleoDB,"M. Foote",,Cyphaspides,,,7183,"Devonian 3"
25817,PaleoDB,"M. Foote",,Ductina,,,7183,"Devonian 3"
26576,PaleoDB,"M. Foote",,Dechenella,,,7308,"Devonian 3"
26576,PaleoDB,"M. Foote",,Harpes,,,7308,"Devonian 3"
26576,PaleoDB,"M. Foote",,Otarion,,,7308,"Devonian 3"
26576,PaleoDB,"M. Foote",,Schizoproetus,,,7308,"Devonian 3"
26579,PaleoDB,"M. Foote",?,Schizoproetoides,,,7308,"Devonian 3"
26580,PaleoDB,"M. Foote",,Dechenella,,,7308,"Devonian 3"
26583,PaleoDB,"M. Foote",,Dechenella,,,7308,"Devonian 3"
26584,PaleoDB,"M. Foote",,Otarion,,,7308,"Devonian 3"
26584,PaleoDB,"M. Foote",,Harpes,,,7308,"Devonian 3"
26585,PaleoDB,"M. Foote",?,Deltadechenella,,,7308,"Devonian 3"
26585,PaleoDB,"M. Foote",,Dechenella,,,7308,"Devonian 3"
26586,PaleoDB,"M. Foote",,Dechenella,,,7308,"Devonian 3"
26586,PaleoDB,"M. Foote",,Dechenella,,,7308,"Devonian 3"
26587,PaleoDB,"M. Foote",,Scutellum,,,7308,"Devonian 3"
26587,PaleoDB,"M. Foote",,Dechenella,,,7308,"Devonian 3"
26587,PaleoDB,"M. Foote",,Dechenella,,,7308,"Devonian 3"
26588,PaleoDB,"M. Foote",,Otarion,,,7308,"Devonian 3"
26588,PaleoDB,"M. Foote",,Ancyropyge,,,7308,"Devonian 3"
26588,PaleoDB,"M. Foote",,Dechenella,,,7308,"Devonian 3"
26588,PaleoDB,"M. Foote",,Dechenella,,,7308,"Devonian 3"
26589,PaleoDB,"M. Foote",,Dechenella,,,7308,"Devonian 3"
26589,PaleoDB,"M. Foote",,Harpes,,,7308,"Devonian 3"
26589,PaleoDB,"M. Foote",,Leonaspis,,,7308,"Devonian 3"
26589,PaleoDB,"M. Foote",,Ancyropyge,,,7308,"Devonian 3"
26589,PaleoDB,"M. Foote",,Otarion,,,7308,"Devonian 3"
26589,PaleoDB,"M. Foote",,Dechenella,,,7308,"Devonian 3"
26590,PaleoDB,"M. Foote",,Dechenella,,,7308,"Devonian 3"
26590,PaleoDB,"M. Foote",,Dechenella,,,7308,"Devonian 3"
26591,PaleoDB,"M. Foote",,Dechenella,,,7308,"Devonian 3"
26591,PaleoDB,"M. Foote",,Deltadechenella,,,7308,"Devonian 3"
26592,PaleoDB,"M. Foote",,Otarion,,,7308,"Devonian 3"
26592,PaleoDB,"M. Foote",,Dechenella,,,7308,"Devonian 3"
26592,PaleoDB,"M. Foote",,Deltadechenella,,,7308,"Devonian 3"
26593,PaleoDB,"M. Foote",,Otarion,,,7308,"Devonian 3"
26593,PaleoDB,"M. Foote",,Dechenella,,,7308,"Devonian 3"
26594,PaleoDB,"M. Foote",,Dechenella,,,7308,"Devonian 3"
26595,PaleoDB,"M. Foote",,Dechenella,,,7308,"Devonian 3"
26596,PaleoDB,"M. Foote",,Leonaspis,,,7308,"Devonian 3"
26596,PaleoDB,"M. Foote",,Leonaspis,,,7308,"Devonian 3"
26596,PaleoDB,"M. Foote","n. gen.",Deltadechenella,,,7308,"Devonian 3"
26596,PaleoDB,"M. Foote",,Dechenella,,,7308,"Devonian 3"
26596,PaleoDB,"M. Foote",,Dechenella,,,7308,"Devonian 3"
26596,PaleoDB,"M. Foote",,Otarion,,,7308,"Devonian 3"
26596,PaleoDB,"M. Foote",,Dechenella,,,7308,"Devonian 3"
26596,PaleoDB,"M. Foote",,Dechenella,,,7308,"Devonian 3"
26596,PaleoDB,"M. Foote",,Dechenella,,,7308,"Devonian 3"
26596,PaleoDB,"M. Foote",,Dechenella,,,7308,"Devonian 3"
26596,PaleoDB,"M. Foote",,Dechenella,,,7308,"Devonian 3"
26596,PaleoDB,"M. Foote",,Dechenella,,,7308,"Devonian 3"
26596,PaleoDB,"M. Foote",,Scutellum,,,7308,"Devonian 3"
26596,PaleoDB,"M. Foote",,Ancyropyge,,,7308,"Devonian 3"
26596,PaleoDB,"M. Foote",,Ceratarges,,,7308,"Devonian 3"
26596,PaleoDB,"M. Foote",,Otarion,,,7308,"Devonian 3"
26596,PaleoDB,"M. Foote",,Astycoryphe,,,7308,"Devonian 3"
26596,PaleoDB,"M. Foote",,Harpes,,,7308,"Devonian 3"
26596,PaleoDB,"M. Foote",,Leonaspis,,,7308,"Devonian 3"
26596,PaleoDB,"M. Foote",,Dechenella,,,7308,"Devonian 3"
26596,PaleoDB,"M. Foote",,Dechenella,,,7308,"Devonian 3"
26597,PaleoDB,"M. Foote",,Dechenella,,,7308,"Devonian 3"
26598,PaleoDB,"M. Foote",,Dechenella,,,7308,"Devonian 3"
26598,PaleoDB,"M. Foote",,Dechenella,,,7308,"Devonian 3"
26599,PaleoDB,"M. Foote",,Dechenella,,,7308,"Devonian 3"
26600,PaleoDB,"M. Foote",,Otarion,,,7308,"Devonian 3"
26600,PaleoDB,"M. Foote",,Ancyropyge,,,7308,"Devonian 3"
26600,PaleoDB,"M. Foote",,Dechenella,,,7308,"Devonian 3"
26601,PaleoDB,"M. Foote",,Dechenella,,,7308,"Devonian 3"
26602,PaleoDB,"M. Foote",,Dechenella,,,7308,"Devonian 3"
26602,PaleoDB,"M. Foote",,Dechenella,,,7308,"Devonian 3"
26603,PaleoDB,"M. Foote",,Dechenella,,,7308,"Devonian 3"
26603,PaleoDB,"M. Foote",,Dechenella,,,7308,"Devonian 3"
26604,PaleoDB,"M. Foote",,Dechenella,,,7308,"Devonian 3"
26605,PaleoDB,"M. Foote",,Dechenella,,,7308,"Devonian 3"
26606,PaleoDB,"M. Foote",,Dechenella,,,7308,"Devonian 3"
26607,PaleoDB,"M. Foote",,Dechenella,,,7308,"Devonian 3"
26609,PaleoDB,"M. Foote",,Dechenella,,,7308,"Devonian 3"
26610,PaleoDB,"M. Foote",,Dechenella,,,7308,"Devonian 3"
26612,PaleoDB,"M. Foote",,Dechenella,,,7308,"Devonian 3"
26613,PaleoDB,"M. Foote",,Dechenella,,,7308,"Devonian 3"
26613,PaleoDB,"M. Foote",,Scutellum,,,7308,"Devonian 3"
26614,PaleoDB,"M. Foote",,Dechenella,,,7308,"Devonian 3"
26615,PaleoDB,"M. Foote",,Dechenella,,,7308,"Devonian 3"
26615,PaleoDB,"M. Foote",,Leonaspis,,,7308,"Devonian 3"
26616,PaleoDB,"M. Foote",,Dechenella,,,7308,"Devonian 3"
26618,PaleoDB,"M. Foote",,Dechenella,,,7308,"Devonian 3"
26620,PaleoDB,"M. Foote",,Dechenella,,,7308,"Devonian 3"
26640,PaleoDB,"M. Foote",,Ceratarges,,,7308,"Devonian 3"
26640,PaleoDB,"M. Foote",,Astycoryphe,,,7308,"Devonian 3"
26640,PaleoDB,"M. Foote","n. gen.",Schizoproetoides,,,7308,"Devonian 3"
26640,PaleoDB,"M. Foote","n. gen.",Schizoproetoides,,,7308,"Devonian 3"
26640,PaleoDB,"M. Foote",,Dechenella,,,7308,"Devonian 3"
26640,PaleoDB,"M. Foote",,Dechenella,,,7308,"Devonian 3"
26640,PaleoDB,"M. Foote",,Dechenella,,,7308,"Devonian 3"
26640,PaleoDB,"M. Foote",,Proetus,,,7308,"Devonian 3"
26640,PaleoDB,"M. Foote",,Proetus,,,7308,"Devonian 3"
26640,PaleoDB,"M. Foote",,Leonaspis,,,7308,"Devonian 3"
26640,PaleoDB,"M. Foote",,Weberopeltis,,,7308,"Devonian 3"
27052,PaleoDB,"M. Foote",,Leonaspis,,,7484,"Devonian 3"
27052,PaleoDB,"M. Foote",,Cyphaspides,,,7484,"Devonian 3"
27052,PaleoDB,"M. Foote",,Cyrtosymboloides,,,7484,"Devonian 3"
27052,PaleoDB,"M. Foote",,Cyrtosymboloides,,,7484,"Devonian 3"
27052,PaleoDB,"M. Foote",,Struveaspis,,,7484,"Devonian 3"
27052,PaleoDB,"M. Foote",,Cyrtosymboloides,,,7484,"Devonian 3"
27052,PaleoDB,"M. Foote",,Phacops,,,7484,"Devonian 3"
27059,PaleoDB,"M. Foote",,Phacops,,,7485,"Devonian 3"
27059,PaleoDB,"M. Foote",,Aulacopleura,,,7485,"Devonian 3"
27059,PaleoDB,"M. Foote",,Thysanopeltis,,,7485,"Devonian 3"
27073,PaleoDB,"M. Foote",,Proetus,,,7484,"Devonian 3"
27074,PaleoDB,"M. Foote",,Harpes,,,7484,"Devonian 3"
27074,PaleoDB,"M. Foote",?,Phacops,,,7484,"Devonian 3"
27074,PaleoDB,"M. Foote",,Phacops,,,7484,"Devonian 3"
27074,PaleoDB,"M. Foote",,Phacops,,,7484,"Devonian 3"
27074,PaleoDB,"M. Foote",,Drevermannia,,,7484,"Devonian 3"
27074,PaleoDB,"M. Foote",?,Drevermannia,,,7484,"Devonian 3"
27074,PaleoDB,"M. Foote",,Cornuproetus,,,7484,"Devonian 3"
27074,PaleoDB,"M. Foote",,Cornuproetus,,,7484,"Devonian 3"
27074,PaleoDB,"M. Foote",,Cornuproetus,,,7484,"Devonian 3"
27074,PaleoDB,"M. Foote",,Cornuproetus,,,7484,"Devonian 3"
27074,PaleoDB,"M. Foote",,Unguliproetus,,,7484,"Devonian 3"
27117,PaleoDB,"M. Foote",,Tenuipeltis,,,7484,"Devonian 3"
27117,PaleoDB,"M. Foote",,Harpes,,,7484,"Devonian 3"
27117,PaleoDB,"M. Foote",,Phacopidella,,,7484,"Devonian 3"
27117,PaleoDB,"M. Foote",,Phacops,,,7484,"Devonian 3"
27117,PaleoDB,"M. Foote",,Phacops,,,7484,"Devonian 3"
27117,PaleoDB,"M. Foote",,Phacops,,,7484,"Devonian 3"
27117,PaleoDB,"M. Foote",,Drevermannia,,,7484,"Devonian 3"
27117,PaleoDB,"M. Foote",,Drevermannia,,,7484,"Devonian 3"
27117,PaleoDB,"M. Foote",,Cornuproetus,,,7484,"Devonian 3"
27117,PaleoDB,"M. Foote",,Cornuproetus,,,7484,"Devonian 3"
27117,PaleoDB,"M. Foote",,Cornuproetus,,,7484,"Devonian 3"
27117,PaleoDB,"M. Foote",,Cornuproetus,,,7484,"Devonian 3"
27117,PaleoDB,"M. Foote",,Phacops,,,7484,"Devonian 3"
27117,PaleoDB,"M. Foote",,Aulacopleura,,,7484,"Devonian 3"
27119,PaleoDB,"M. Foote",,Cornuproetus,,,7484,"Devonian 3"
27119,PaleoDB,"M. Foote",,Cornuproetus,,,7484,"Devonian 3"
27119,PaleoDB,"M. Foote",,Phacopidella,,,7484,"Devonian 3"
27119,PaleoDB,"M. Foote",,Cyphaspides,,,7484,"Devonian 3"
27119,PaleoDB,"M. Foote",,Aulacopleura,,,7484,"Devonian 3"
27119,PaleoDB,"M. Foote",,Drevermannia,,,7484,"Devonian 3"
27120,PaleoDB,"M. Foote",,Cheirurus,,,7484,"Devonian 3"
27120,PaleoDB,"M. Foote",,Phacops,,,7484,"Devonian 3"
27120,PaleoDB,"M. Foote",,Cornuproetus,,,7484,"Devonian 3"
27120,PaleoDB,"M. Foote",,Cornuproetus,,,7484,"Devonian 3"
27120,PaleoDB,"M. Foote",,Cornuproetus,,,7484,"Devonian 3"
27120,PaleoDB,"M. Foote",,Unguliproetus,,,7484,"Devonian 3"
27123,PaleoDB,"M. Foote",,Phacopidella,,,7484,"Devonian 3"
27123,PaleoDB,"M. Foote",,Phacops,,,7484,"Devonian 3"
27123,PaleoDB,"M. Foote",,Leonaspis,,,7484,"Devonian 3"
27123,PaleoDB,"M. Foote",,Leonaspis,,,7484,"Devonian 3"
27123,PaleoDB,"M. Foote",,Aulacopleura,,,7484,"Devonian 3"
27123,PaleoDB,"M. Foote",,Cornuproetus,,,7484,"Devonian 3"
27123,PaleoDB,"M. Foote",,Cornuproetus,,,7484,"Devonian 3"
27123,PaleoDB,"M. Foote",,Cornuproetus,,,7484,"Devonian 3"
27124,PaleoDB,"M. Foote",,Asteropyge,,,7484,"Devonian 3"
27124,PaleoDB,"M. Foote",,Thysanopeltis,,,7484,"Devonian 3"
27124,PaleoDB,"M. Foote",?,Treveropyge,,,7484,"Devonian 3"
27124,PaleoDB,"M. Foote",,Phacops,,,7484,"Devonian 3"
27124,PaleoDB,"M. Foote",,Phacops,,,7484,"Devonian 3"
27124,PaleoDB,"M. Foote",,Leonaspis,,,7484,"Devonian 3"
27124,PaleoDB,"M. Foote",,Leonaspis,,,7484,"Devonian 3"
27124,PaleoDB,"M. Foote",,Cyphaspides,,,7484,"Devonian 3"
27124,PaleoDB,"M. Foote",,Aulacopleura,,,7484,"Devonian 3"
27124,PaleoDB,"M. Foote",,Eremiproetus,,,7484,"Devonian 3"
27124,PaleoDB,"M. Foote",,Cornuproetus,,,7484,"Devonian 3"
27124,PaleoDB,"M. Foote",,Cornuproetus,,,7484,"Devonian 3"
27124,PaleoDB,"M. Foote",,Cornuproetus,,,7484,"Devonian 3"
27124,PaleoDB,"M. Foote",,Cornuproetus,,,7484,"Devonian 3"
27125,PaleoDB,"M. Foote",,Acanthopyge,,,7484,"Devonian 3"
27125,PaleoDB,"M. Foote",,Phacops,,,7484,"Devonian 3"
27125,PaleoDB,"M. Foote",,Phacops,,,7484,"Devonian 3"
27125,PaleoDB,"M. Foote",,Leonaspis,,,7484,"Devonian 3"
27125,PaleoDB,"M. Foote",,Leonaspis,,,7484,"Devonian 3"
27125,PaleoDB,"M. Foote",,Aulacopleura,,,7484,"Devonian 3"
27125,PaleoDB,"M. Foote",,Koneprusites,,,7484,"Devonian 3"
27125,PaleoDB,"M. Foote",,Cornuproetus,,,7484,"Devonian 3"
27126,PaleoDB,"M. Foote",,Phacops,,,7484,"Devonian 3"
27126,PaleoDB,"M. Foote",,Leonaspis,,,7484,"Devonian 3"
27126,PaleoDB,"M. Foote",,Leonaspis,,,7484,"Devonian 3"
27126,PaleoDB,"M. Foote",,Cornuproetus,,,7484,"Devonian 3"
27126,PaleoDB,"M. Foote",,Cornuproetus,,,7484,"Devonian 3"
27126,PaleoDB,"M. Foote",,Proetus,,,7484,"Devonian 3"
27127,PaleoDB,"M. Foote",,Cornuproetus,,,7484,"Devonian 3"
27127,PaleoDB,"M. Foote",,Proetus,,,7484,"Devonian 3"
27146,PaleoDB,"M. Foote",,Cornuproetus,,,7485,"Devonian 3"
27146,PaleoDB,"M. Foote",,Cornuproetus,,,7485,"Devonian 3"
27146,PaleoDB,"M. Foote",,Cornuproetus,,,7485,"Devonian 3"
27146,PaleoDB,"M. Foote",,Aulacopleura,,,7485,"Devonian 3"
27146,PaleoDB,"M. Foote",,Phacops,,,7485,"Devonian 3"
27146,PaleoDB,"M. Foote",,Cornuproetus,,,7485,"Devonian 3"
27147,PaleoDB,"M. Foote",,Phacops,,,7485,"Devonian 3"
27147,PaleoDB,"M. Foote",,Cornuproetus,,,7485,"Devonian 3"
27147,PaleoDB,"M. Foote",,Cornuproetus,,,7485,"Devonian 3"
27147,PaleoDB,"M. Foote",,Unguliproetus,,,7485,"Devonian 3"
27148,PaleoDB,"M. Foote",,Lobopyge,,,7485,"Devonian 3"
27148,PaleoDB,"M. Foote",,Phacops,,,7485,"Devonian 3"
27148,PaleoDB,"M. Foote",,Aulacopleura,,,7485,"Devonian 3"
27148,PaleoDB,"M. Foote",,Cyrtosymboloides,,,7485,"Devonian 3"
27148,PaleoDB,"M. Foote",,Cornuproetus,,,7485,"Devonian 3"
27148,PaleoDB,"M. Foote",,Cornuproetus,,,7485,"Devonian 3"
27148,PaleoDB,"M. Foote",,Unguliproetus,,,7485,"Devonian 3"
27149,PaleoDB,"M. Foote",,Struveaspis,,,7485,"Devonian 3"
27149,PaleoDB,"M. Foote",,Aulacopleura,,,7485,"Devonian 3"
27149,PaleoDB,"M. Foote",,Erbenaspis,,,7485,"Devonian 3"
27149,PaleoDB,"M. Foote",,Cornuproetus,,,7485,"Devonian 3"
27150,PaleoDB,"M. Foote",,Struveaspis,,,7485,"Devonian 3"
27150,PaleoDB,"M. Foote",,Cornuproetus,,,7485,"Devonian 3"
27151,PaleoDB,"M. Foote",,Phacops,,,7485,"Devonian 3"
27151,PaleoDB,"M. Foote",,Paralejurus,,,7485,"Devonian 3"
27152,PaleoDB,"M. Foote",,Leonaspis,,,7485,"Devonian 3"
27152,PaleoDB,"M. Foote",,Phacops,,,7485,"Devonian 3"
27152,PaleoDB,"M. Foote",,Aulacopleura,,,7485,"Devonian 3"
27152,PaleoDB,"M. Foote",,Tropidocoryphe,,,7485,"Devonian 3"
27152,PaleoDB,"M. Foote",,Koneprusites,,,7485,"Devonian 3"
27152,PaleoDB,"M. Foote",,Cornuproetus,,,7485,"Devonian 3"
27152,PaleoDB,"M. Foote",,Thysanopeltis,,,7485,"Devonian 3"
27556,PaleoDB,"A. Miller",,Plagiolaria,,,7506,"Devonian 3"
27556,PaleoDB,"A. Miller",,Aulacopleura,,,7506,"Devonian 3"
27556,PaleoDB,"A. Miller",,Cyphaspides,,,7506,"Devonian 3"
27558,PaleoDB,"A. Miller",,Cyphaspides,,,7506,"Devonian 3"
27559,PaleoDB,"A. Miller",,Cyphaspides,,,7506,"Devonian 3"
27559,PaleoDB,"A. Miller",,Aulacopleura,,,7506,"Devonian 3"
27560,PaleoDB,"A. Miller",,Cyphaspides,,,7506,"Devonian 3"
27605,PaleoDB,"A. Miller",,Phacops,,,7599,"Devonian 4"
27615,PaleoDB,"A. Miller",,Neocalmonia,,,7599,"Devonian 4"
27618,PaleoDB,"A. Miller",,Proetus,,,7599,"Devonian 4"
27618,PaleoDB,"A. Miller",,Scutellum,,,7599,"Devonian 4"
27618,PaleoDB,"A. Miller",,Phacops,,,7599,"Devonian 4"
27713,PaleoDB,"A. Miller",,Phacops,,,7599,
27713,PaleoDB,"A. Miller",,Neocalmonia,,,7599,
27714,PaleoDB,"A. Miller",,Otarion,,,7599,"Devonian 4"
27714,PaleoDB,"A. Miller",,Proetus,,,7599,"Devonian 4"
27714,PaleoDB,"A. Miller",,Phacops,,,7599,"Devonian 4"
27714,PaleoDB,"A. Miller",,Neocalmonia,,,7599,"Devonian 4"
27714,PaleoDB,"A. Miller",,Scutellum,,,7599,"Devonian 4"
34871,PaleoDB,"W. Kiessling",,Dechenella,,,9349,"Devonian 3"
35385,PaleoDB,"M. Foote",,Acuticryphops,,,9563,"Devonian 4"
35385,PaleoDB,"M. Foote",,Otarion,,,9563,"Devonian 4"
35385,PaleoDB,"M. Foote",,Pteroparia,,,9563,"Devonian 4"
35385,PaleoDB,"M. Foote",,Palpebralia,,,9563,"Devonian 4"
35385,PaleoDB,"M. Foote",,Rudybole,,Palpebralia,9563,"Devonian 4"
35385,PaleoDB,"M. Foote","""",Harpes,,,9563,"Devonian 4"
35385,PaleoDB,"M. Foote","n. gen.",Taemasaspis,"n. gen.",Gondwanaspis,9563,"Devonian 4"
35592,PaleoDB,"M. Foote",,Burmeisteria,,,9616,"Devonian 3"
35592,PaleoDB,"M. Foote",,Bainella,,,9616,"Devonian 3"
35592,PaleoDB,"M. Foote",,Metacryphaeus,,,9616,"Devonian 3"
35593,PaleoDB,"M. Foote",,Bainella,,,9616,"Devonian 3"
35593,PaleoDB,"M. Foote",,Metacryphaeus,,,9616,"Devonian 3"
35593,PaleoDB,"M. Foote",,Gamonedaspis,,,9616,"Devonian 3"
35593,PaleoDB,"M. Foote",,Burmeisteria,,,9616,"Devonian 3"
35593,PaleoDB,"M. Foote",,Burmeisteria,,,9616,"Devonian 3"
35593,PaleoDB,"M. Foote",,Bainella,,,9616,"Devonian 3"
35593,PaleoDB,"M. Foote",,Burmeisteria,,,9616,"Devonian 3"
35594,PaleoDB,"M. Foote",,Burmeisteria,,,9616,"Devonian 3"
35594,PaleoDB,"M. Foote",,Bainella,,,9616,"Devonian 3"
35595,PaleoDB,"M. Foote",,Metacryphaeus,,,9616,"Devonian 3"
35595,PaleoDB,"M. Foote",,Burmeisteria,,,9616,"Devonian 3"
35597,PaleoDB,"M. Foote",,Metacryphaeus,,,9616,"Devonian 3"
35601,PaleoDB,"M. Foote",?,Phacopina,,,9616,"Devonian 3"
35615,PaleoDB,"M. Foote",,Phacops,,,9606,
35615,PaleoDB,"M. Foote",,Greenops,,,9606,
35619,PaleoDB,"M. Foote",,Greenops,,,9606,"Devonian 4"
35628,PaleoDB,"M. Foote",,Dipleura,,,9606,"Devonian 3"
35629,PaleoDB,"M. Foote",,Greenops,,,9606,"Devonian 4"
35900,PaleoDB,"M. Foote",,Greenops,,,9641,"Devonian 3"
35902,PaleoDB,"M. Foote",,Phacops,,,9641,"Devonian 3"
36175,PaleoDB,"M. Foote",?,Kayserops,,,9606,"Devonian 3"
36185,PaleoDB,"M. Foote",,Dipleura,,,8780,"Devonian 3"
36603,PaleoDB,"W. Kiessling",,Goldius,,Bronteus,9811,"Devonian 4"
37056,PaleoDB,"M. Foote",,Cryphaeoides,,,9698,"Devonian 3"
37056,PaleoDB,"M. Foote",,Metacryphaeus,,,9698,"Devonian 3"
37056,PaleoDB,"M. Foote",,Metacryphaeus,,,9698,"Devonian 3"
37056,PaleoDB,"M. Foote",,Calmonia,,,9698,"Devonian 3"
37056,PaleoDB,"M. Foote",,Phacops,,,9698,"Devonian 3"
37056,PaleoDB,"M. Foote",,Trimerus,,,9698,"Devonian 3"
37157,PaleoDB,"M. Foote",?,Metacryphaeus,,,9944,"Devonian 3"
37157,PaleoDB,"M. Foote",,Metacryphaeus,,,9944,"Devonian 3"
37170,PaleoDB,"M. Foote",,Metacryphaeus,,,9944,"Devonian 3"
37171,PaleoDB,"M. Foote",,Metacryphaeus,,,9944,"Devonian 3"
37173,PaleoDB,"M. Foote",,Metacryphaeus,,,9944,"Devonian 3"
37173,PaleoDB,"M. Foote","""",Homalonotus,,,9944,"Devonian 3"
37174,PaleoDB,"M. Foote",,Metacryphaeus,,,9944,"Devonian 3"
37175,PaleoDB,"M. Foote",,Metacryphaeus,,,9944,"Devonian 3"
37177,PaleoDB,"M. Foote",?,Metacryphaeus,,,9944,"Devonian 3"
37178,PaleoDB,"M. Foote",,Metacryphaeus,,,9944,"Devonian 3"
38068,PaleoDB,"F. Fursich",,Eldredgeops,,Phacops,10201,"Devonian 3"
38107,PaleoDB,"F. Fursich",,Eldredgeops,,Phacops,10201,"Devonian 3"
38108,PaleoDB,"F. Fursich",,Eldredgeops,,Phacops,10201,"Devonian 3"
38109,PaleoDB,"F. Fursich",,Eldredgeops,,Phacops,10201,"Devonian 3"
38110,PaleoDB,"F. Fursich",,Eldredgeops,,Phacops,10201,"Devonian 3"
38450,PaleoDB,"M. Foote",,Eldredgeops,,Phacops,10310,"Devonian 3"
38456,PaleoDB,"M. Foote",,Eldredgeops,,Phacops,10310,"Devonian 3"
38457,PaleoDB,"M. Foote",,Eldredgeops,,Phacops,10310,"Devonian 3"
38458,PaleoDB,"M. Foote",,Eldredgeops,,Phacops,10310,"Devonian 3"
38459,PaleoDB,"M. Foote",,Eldredgeops,,Phacops,10310,"Devonian 3"
38459,PaleoDB,"M. Foote",,Dechenella,,,10310,"Devonian 3"
38459,PaleoDB,"M. Foote",,Dechenella,,,10310,"Devonian 3"
38460,PaleoDB,"M. Foote",,Eldredgeops,,Phacops,10310,"Devonian 3"
38460,PaleoDB,"M. Foote",,Dechenella,,,10310,"Devonian 3"
38460,PaleoDB,"M. Foote",,Dechenella,,,10310,"Devonian 3"
38461,PaleoDB,"M. Foote",,Echinolichas,,,10310,"Devonian 3"
38461,PaleoDB,"M. Foote",,Eldredgeops,,Phacops,10310,"Devonian 3"
38462,PaleoDB,"M. Foote",,Eldredgeops,,Phacops,10310,"Devonian 3"
38463,PaleoDB,"M. Foote",,Eldredgeops,,Phacops,10310,"Devonian 3"
38463,PaleoDB,"M. Foote",,Dechenella,,,10310,"Devonian 3"
38463,PaleoDB,"M. Foote",,Dechenella,,,10310,"Devonian 3"
38464,PaleoDB,"M. Foote",,Eldredgeops,,Phacops,10310,"Devonian 3"
38475,PaleoDB,"M. Foote",,Eldredgeops,,Phacops,10310,"Devonian 3"
38675,PaleoDB,"M. Foote",,Cryphops,,,10380,"Devonian 4"
38675,PaleoDB,"M. Foote",,Cyphaspis,,,10380,"Devonian 4"
38675,PaleoDB,"M. Foote","""",Harpes,,,10380,"Devonian 4"
38675,PaleoDB,"M. Foote",,Rudybole,,Palpebralia,10380,"Devonian 4"
38675,PaleoDB,"M. Foote",,Palpebralia,,,10380,"Devonian 4"
38675,PaleoDB,"M. Foote",,Palpebralia,,,10380,"Devonian 4"
38675,PaleoDB,"M. Foote",,Palpebralia,,,10380,"Devonian 4"
38675,PaleoDB,"M. Foote","""",Dudleyaspis,,,10380,"Devonian 4"
38675,PaleoDB,"M. Foote",,Bradocryphaeus,,,10380,"Devonian 4"
38681,PaleoDB,"M. Foote","""",Phacops,,,10390,"Devonian 3"
38681,PaleoDB,"M. Foote",,Dechenella,,,10390,"Devonian 3"
38683,PaleoDB,"M. Foote",,Dechenella,,,10390,"Devonian 3"
38686,PaleoDB,"M. Foote",,Scutellum,,,10390,"Devonian 4"
38687,PaleoDB,"M. Foote",,Bradocryphaeus,,,10390,"Devonian 4"
38687,PaleoDB,"M. Foote",,Bradocryphaeus,,,10390,"Devonian 4"
38687,PaleoDB,"M. Foote",,Heliopyge,,,10390,"Devonian 4"
38689,PaleoDB,"M. Foote",,Scutellum,,,10390,"Devonian 4"
38690,PaleoDB,"M. Foote",,Heliopyge,,,10390,"Devonian 4"
38812,PaleoDB,"M. Foote",,Bradocryphaeus,,,10390,"Devonian 4"
38812,PaleoDB,"M. Foote",,Bradocryphaeus,,,10390,"Devonian 4"
38812,PaleoDB,"M. Foote",,Heliopyge,,,10390,"Devonian 4"
38812,PaleoDB,"M. Foote",,Heliopyge,,,10390,"Devonian 4"
38812,PaleoDB,"M. Foote",,Scutellum,,,10390,"Devonian 4"
38812,PaleoDB,"M. Foote",,Scutellum,,,10390,"Devonian 4"
40045,PaleoDB,"M. Foote",,Phacops,,,10863,
40070,PaleoDB,"M. Foote",,Heliopyge,,,10864,"Devonian 3"
40070,PaleoDB,"M. Foote",,Asteropyge,,,10864,"Devonian 3"
40070,PaleoDB,"M. Foote",,Phacops,,,10864,"Devonian 3"
40071,PaleoDB,"M. Foote",,Heliopyge,,,10864,"Devonian 3"
40071,PaleoDB,"M. Foote",,Phacops,,,10864,"Devonian 3"
40071,PaleoDB,"M. Foote",,Asteropyge,,,10864,"Devonian 3"
40071,PaleoDB,"M. Foote",,Proetus,,,10864,"Devonian 3"
40071,PaleoDB,"M. Foote",,Scutellum,,,10864,"Devonian 3"
40072,PaleoDB,"M. Foote",,Phacops,,,10864,"Devonian 3"
40072,PaleoDB,"M. Foote",,Heliopyge,,,10864,"Devonian 3"
40072,PaleoDB,"M. Foote",,Heliopyge,,,10864,"Devonian 3"
40072,PaleoDB,"M. Foote",,Proetus,,,10864,"Devonian 3"
40073,PaleoDB,"M. Foote",,Heliopyge,,,10864,"Devonian 3"
40073,PaleoDB,"M. Foote",,Phacops,,,10864,"Devonian 3"
40074,PaleoDB,"M. Foote",,Heliopyge,,,10864,"Devonian 3"
40074,PaleoDB,"M. Foote",?,Greenops,,,10864,"Devonian 3"
40074,PaleoDB,"M. Foote",,Phacops,,,10864,"Devonian 3"
40074,PaleoDB,"M. Foote",,Dipleura,,,10864,"Devonian 3"
40074,PaleoDB,"M. Foote",,Proetus,,,10864,"Devonian 3"
40075,PaleoDB,"M. Foote",,Heliopyge,,,10864,"Devonian 3"
40075,PaleoDB,"M. Foote",,Heliopyge,,,10864,"Devonian 3"
40075,PaleoDB,"M. Foote",,Greenops,,,10864,"Devonian 3"
40075,PaleoDB,"M. Foote",,Phacops,,,10864,"Devonian 3"
40075,PaleoDB,"M. Foote",,Scutellum,,,10864,"Devonian 3"
40076,PaleoDB,"M. Foote",,Greenops,,,10864,"Devonian 3"
40076,PaleoDB,"M. Foote",,Phacops,,,10864,"Devonian 3"
40077,PaleoDB,"M. Foote",,Heliopyge,,,10864,"Devonian 4"
40078,PaleoDB,"M. Foote",,Heliopyge,,,10864,"Devonian 4"
40079,PaleoDB,"M. Foote",,Heliopyge,,,10864,"Devonian 4"
40079,PaleoDB,"M. Foote",,Heliopyge,,,10864,"Devonian 4"
40353,PaleoDB,"M. Foote",,Thysanopeltella,,,10892,"Devonian 3"
40353,PaleoDB,"M. Foote",,Leonaspis,,,10892,"Devonian 3"
40354,PaleoDB,"M. Foote",,Thysanopeltella,,,10892,"Devonian 3"
40435,PaleoDB,"M. Foote","""",Phacops,,,10893,"Devonian 3"
40435,PaleoDB,"M. Foote",,Heliopyge,,,10893,"Devonian 3"
40435,PaleoDB,"M. Foote",,Asteropyge,,,10893,"Devonian 3"
40437,PaleoDB,"M. Foote","""",Phacops,,,10893,"Devonian 3"
40437,PaleoDB,"M. Foote",,Heliopyge,,,10893,"Devonian 3"
40437,PaleoDB,"M. Foote",,Asteropyge,,,10893,"Devonian 3"
40444,PaleoDB,"M. Foote",,Neocalmonia,,,10893,"Devonian 3"
40446,PaleoDB,"M. Foote",,Trimerus,,,10893,"Devonian 3"
40446,PaleoDB,"M. Foote",,Neocalmonia,,,10893,"Devonian 3"
40446,PaleoDB,"M. Foote",,Phacops,,,10893,"Devonian 3"
40448,PaleoDB,"M. Foote","""",Phacops,,,10893,"Devonian 4"
40498,PaleoDB,"M. Foote",,Cryphops,,,10893,"Devonian 4"
40498,PaleoDB,"M. Foote",,Pteroparia,,,10893,"Devonian 4"
40711,PaleoDB,"M. Foote",,Schizoproetus,,,10959,"Devonian 3"
40711,PaleoDB,"M. Foote",,Dechenella,,,10959,"Devonian 3"
40711,PaleoDB,"M. Foote",,Dechenella,,,10959,"Devonian 3"
44122,PaleoDB,"P. Wagner",,Dechenella,,,11566,"Devonian 3"
44124,PaleoDB,"P. Wagner",,Dechenella,,,11582,"Devonian 3"
44132,PaleoDB,"P. Wagner",,Cyrtodechenella,,,11566,"Devonian 3"
44132,PaleoDB,"P. Wagner",,Dechenella,,,11566,"Devonian 3"
44132,PaleoDB,"P. Wagner",,Dechenella,,,11566,"Devonian 3"
44183,PaleoDB,"P. Wagner",,Dechenella,,,11566,"Devonian 3"
44258,PaleoDB,"P. Wagner",,Dechenella,,,11566,"Devonian 3"
55468,PaleoDB,"S. Peters",,Fuscinipyge,,,14961,"Devonian 3"
55481,PaleoDB,"S. Peters",,Dechenella,,,14961,"Devonian 3"
55485,PaleoDB,"S. Peters",,Dechenella,,,14961,"Devonian 3"
55606,PaleoDB,"S. Peters",,Eldredgeops,,Phacops,15023,"Devonian 3"
55670,PaleoDB,"S. Peters",,Eldredgeops,,Phacops,15023,"Devonian 3"
55717,PaleoDB,"S. Peters",,Eldredgeops,,Phacops,15023,"Devonian 3"
55761,PaleoDB,"S. Peters",,Greenops,,,15023,"Devonian 3"
55761,PaleoDB,"S. Peters",,Eldredgeops,,Phacops,15023,"Devonian 3"
60132,PaleoDB,"W. Kiessling",?,Pedinopariops,,,17286,"Devonian 3"
60140,PaleoDB,"W. Kiessling",,Pedinopariops,,,17286,"Devonian 3"
60142,PaleoDB,"W. Kiessling",?,Pedinopariops,,,17286,"Devonian 3"
60155,PaleoDB,"W. Kiessling",,Geesops,,,17286,"Devonian 3"
60162,PaleoDB,"W. Kiessling",,Dechenella,,,17286,"Devonian 3"
60162,PaleoDB,"W. Kiessling",,Scutellum,,,17286,"Devonian 3"
60167,PaleoDB,"W. Kiessling",,Dechenella,,,17286,"Devonian 3"
65999,PaleoDB,"S. Peters",,Eldredgeops,,Phacops,15023,"Devonian 3"
66000,PaleoDB,"S. Peters",,Phacops,,,15023,"Devonian 3"
66001,PaleoDB,"S. Peters",,Dechenella,,,15023,"Devonian 3"
66001,PaleoDB,"S. Peters",,Eldredgeops,,Phacops,15023,"Devonian 3"
66002,PaleoDB,"S. Peters",,Eldredgeops,,Phacops,15023,"Devonian 3"
66003,PaleoDB,"S. Peters",,Eldredgeops,,Phacops,15023,"Devonian 3"
66054,PaleoDB,"S. Peters",,Eldredgeops,,Phacops,15023,"Devonian 3"
66055,PaleoDB,"S. Peters",,Dechenella,,,15023,"Devonian 3"
66055,PaleoDB,"S. Peters",,Eldredgeops,,Phacops,15023,"Devonian 3"
66056,PaleoDB,"S. Peters",,Eldredgeops,,Phacops,15023,"Devonian 3"
70139,PaleoDB,"A. Miller",,Neocalmonia,,,23566,"Devonian 4"
70139,PaleoDB,"A. Miller",,Neocalmonia,,,23566,"Devonian 4"
70142,PaleoDB,"A. Miller",,Neocalmonia,,,23566,"Devonian 4"
70144,PaleoDB,"A. Miller",,Neocalmonia,,,23566,
70144,PaleoDB,"A. Miller",,Neocalmonia,,,23566,
70144,PaleoDB,"A. Miller",,Neocalmonia,,,23566,
70144,PaleoDB,"A. Miller",,Neocalmonia,,,23566,
70144,PaleoDB,"A. Miller",,Neocalmonia,,,23566,
70146,PaleoDB,"A. Miller",,Neocalmonia,,,23566,"Devonian 4"
70146,PaleoDB,"A. Miller",,Neocalmonia,,,23566,"Devonian 4"
70147,PaleoDB,"A. Miller",,Neocalmonia,,,23566,"Devonian 4"
70150,PaleoDB,"A. Miller",,Neocalmonia,,,23566,"Devonian 4"
70155,PaleoDB,"A. Miller",,Neocalmonia,,,23566,"Devonian 4"
70275,PaleoDB,"A. Miller",,Dechenella,,,23579,"Devonian 3"
70277,PaleoDB,"A. Miller",,Dechenella,,,23579,"Devonian 3"
70281,PaleoDB,"A. Miller",,Dechenella,,,23579,"Devonian 3"
70293,PaleoDB,"A. Miller",,Dechenella,,,23579,"Devonian 3"
70367,PaleoDB,"A. Miller",,Scutellum,,,23564,"Devonian 3"
70372,PaleoDB,"A. Miller",,Scutellum,,,23564,"Devonian 3"
70428,PaleoDB,"A. Miller",,Scutellum,,,23564,"Devonian 3"
70429,PaleoDB,"A. Miller",,Scutellum,,,23564,"Devonian 3"
70433,PaleoDB,"A. Miller",,Scutellum,,,23564,"Devonian 3"
70433,PaleoDB,"A. Miller",,Dechenella,,,23564,"Devonian 3"
70434,PaleoDB,"A. Miller",,Scutellum,,,23564,"Devonian 3"
70435,PaleoDB,"A. Miller",,Scutellum,,,23564,"Devonian 3"
70675,PaleoDB,"P. Wagner",,Viaphacops,,,23713,"Devonian 3"
70676,PaleoDB,"P. Wagner",,Rhenops,,,23713,"Devonian 3"
70677,PaleoDB,"P. Wagner",,Rhenops,,,23713,"Devonian 3"
70678,PaleoDB,"P. Wagner",,Greenops,,,23713,"Devonian 3"
74984,PaleoDB,"P. Novack-Gottshall",,Eldredgeops,,Phacops,25298,"Devonian 3"
74984,PaleoDB,"P. Novack-Gottshall",,Greenops,,,25298,"Devonian 3"
74985,PaleoDB,"P. Novack-Gottshall",,Eldredgeops,,Phacops,25298,"Devonian 3"
74985,PaleoDB,"P. Novack-Gottshall",,Greenops,,,25298,"Devonian 3"
74994,PaleoDB,"P. Novack-Gottshall",,Eldredgeops,,Phacops,25298,"Devonian 3"
74994,PaleoDB,"P. Novack-Gottshall",,Greenops,,,25298,"Devonian 3"
74995,PaleoDB,"P. Novack-Gottshall",,Eldredgeops,,Phacops,25298,"Devonian 3"
74998,PaleoDB,"P. Novack-Gottshall","""",Proetus,,,25302,"Devonian 3"
75137,PaleoDB,"L. Ivany",,Eldredgeops,,Phacops,25366,"Devonian 3"
75137,PaleoDB,"L. Ivany",,Greenops,,,25366,"Devonian 3"
75223,PaleoDB,"L. Ivany",,Eldredgeops,,Phacops,25392,"Devonian 3"
75584,PaleoDB,"P. Novack-Gottshall",,Proetus,,,25522,"Devonian 3"
75584,PaleoDB,"P. Novack-Gottshall",,Dechenella,,,25522,"Devonian 3"
75584,PaleoDB,"P. Novack-Gottshall",,Pedinopariops,,,25522,"Devonian 3"
75585,PaleoDB,"P. Novack-Gottshall",,Pedinopariops,,,25522,"Devonian 3"
75587,PaleoDB,"P. Novack-Gottshall",,Phacops,,,25522,"Devonian 3"
75587,PaleoDB,"P. Novack-Gottshall",,Asteropyge,,,25522,"Devonian 3"
76104,PaleoDB,"L. Ivany",,Tropidocoryphe,,,25802,"Devonian 3"
76163,PaleoDB,"L. Ivany",,Phacops,,,25816,"Devonian 3"
76163,PaleoDB,"L. Ivany",,Anchiopsis,,,25816,"Devonian 3"
76194,PaleoDB,"L. Ivany",,Eldredgeops,,Phacops,25832,"Devonian 3"
76554,PaleoDB,"P. Novack-Gottshall",,Eldredgeops,,Phacops,25890,"Devonian 3"
76557,PaleoDB,"P. Novack-Gottshall",,Eldredgeops,,Phacops,25890,"Devonian 3"
76564,PaleoDB,"P. Novack-Gottshall",,Eldredgeops,,Phacops,25890,"Devonian 3"
76565,PaleoDB,"P. Novack-Gottshall",,Eldredgeops,,Phacops,25890,"Devonian 3"
76641,PaleoDB,"P. Novack-Gottshall",,Phacops,,,25917,"Devonian 3"
76641,PaleoDB,"P. Novack-Gottshall",,Crassiproetus,,,25917,"Devonian 3"
76641,PaleoDB,"P. Novack-Gottshall",,Greenops,,,25917,"Devonian 3"
76642,PaleoDB,"P. Novack-Gottshall",,Crassiproetus,,,25917,"Devonian 3"
76642,PaleoDB,"P. Novack-Gottshall",,Crassiproetus,,,25917,"Devonian 3"
76642,PaleoDB,"P. Novack-Gottshall",,Greenops,,,25917,"Devonian 3"
76642,PaleoDB,"P. Novack-Gottshall",,Phacops,,,25917,"Devonian 3"
76992,PaleoDB,"W. Kiessling",,Anchiopella,,,26047,"Devonian 3"
77056,PaleoDB,"P. Novack-Gottshall",,Phacops,,,26083,"Devonian 3"
77078,PaleoDB,"P. Novack-Gottshall",,Odontocephalus,,,26083,"Devonian 3"
77078,PaleoDB,"P. Novack-Gottshall",,Phacops,,,26083,"Devonian 3"
77078,PaleoDB,"P. Novack-Gottshall",cf.,Dechenella,,,26083,"Devonian 3"
77080,PaleoDB,"P. Novack-Gottshall",,Odontocephalus,,,26083,"Devonian 3"
77080,PaleoDB,"P. Novack-Gottshall",,Phacops,,,26083,"Devonian 3"
77958,PaleoDB,"W. Kiessling",?,Trimerus,,,26311,"Devonian 4"
79496,PaleoDB,"W. Kiessling",,Phacops,,,26693,"Devonian 3"
79555,PaleoDB,"W. Kiessling",,Phacops,,,26693,"Devonian 3"
79716,PaleoDB,"W. Kiessling",,Phacops,,,26777,"Devonian 3"
82658,PaleoDB,"W. Kiessling",,Scutellum,,,27802,"Devonian 4"
82739,PaleoDB,"W. Kiessling",,Scutellum,,,27802,"Devonian 3"
82907,PaleoDB,"W. Kiessling",,Scutellum,,,23706,"Devonian 4"
83034,PaleoDB,"W. Kiessling",,Scutellum,,,27802,"Devonian 3"
83035,PaleoDB,"W. Kiessling",?,Cyrtodechenella,,,27802,"Devonian 3"
83120,PaleoDB,"L. Ivany",,Proetus,,,25968,"Devonian 3"
83918,PaleoDB,"W. Kiessling",,Otarion,,,28111,"Devonian 4"
83918,PaleoDB,"W. Kiessling",,Crotalocephalus,,,28111,"Devonian 4"
83918,PaleoDB,"W. Kiessling",,Microscutellum,,,28111,"Devonian 4"
83918,PaleoDB,"W. Kiessling",,Scutellum,,,28111,"Devonian 4"
83918,PaleoDB,"W. Kiessling",,Scutellum,,,28111,"Devonian 4"
84378,PaleoDB,"W. Kiessling",,Scutellum,,,28108,"Devonian 4"
84383,PaleoDB,"W. Kiessling",,Scutellum,,,28277,"Devonian 4"
84383,PaleoDB,"W. Kiessling",,Proetus,,,28277,"Devonian 4"
86241,PaleoDB,"A. Miller",,Eldredgeops,,Phacops,28312,"Devonian 3"
86242,PaleoDB,"A. Miller",,Eldredgeops,,Phacops,28312,"Devonian 3"
86268,PaleoDB,"A. Miller",,Eldredgeops,,Phacops,28312,"Devonian 3"
86643,PaleoDB,"A. Miller",,Bellacartwrightia,,,29162,"Devonian 3"
89648,PaleoDB,"A. Miller",,Eldredgeops,,Phacops,30064,"Devonian 3"
89651,PaleoDB,"A. Miller",,Eldredgeops,,Phacops,30064,"Devonian 3"
89653,PaleoDB,"A. Miller",,Bellacartwrightia,,,30064,"Devonian 3"
89657,PaleoDB,"A. Miller",,Greenops,,,30064,"Devonian 3"
89657,PaleoDB,"A. Miller",,Dipleura,,,30064,"Devonian 3"
89658,PaleoDB,"A. Miller",,Dipleura,,,30064,"Devonian 3"
89660,PaleoDB,"A. Miller",,Greenops,,,30064,"Devonian 3"
89660,PaleoDB,"A. Miller",,Dipleura,,,30064,"Devonian 3"
89661,PaleoDB,"A. Miller",,Dipleura,,,30064,"Devonian 3"
89661,PaleoDB,"A. Miller",,Basidechenella,,,30064,"Devonian 3"
89662,PaleoDB,"A. Miller",,Eldredgeops,,Phacops,30064,"Devonian 3"
89663,PaleoDB,"A. Miller",,Eldredgeops,,Phacops,30064,"Devonian 3"
89663,PaleoDB,"A. Miller",,Monodechenella,,,30064,"Devonian 3"
89664,PaleoDB,"A. Miller",,Eldredgeops,,Phacops,30064,"Devonian 3"
89664,PaleoDB,"A. Miller",,Greenops,,,30064,"Devonian 3"
89665,PaleoDB,"A. Miller",,Eldredgeops,,Phacops,30064,"Devonian 3"
89665,PaleoDB,"A. Miller",,Greenops,,,30064,"Devonian 3"
89665,PaleoDB,"A. Miller",,Basidechenella,,,30064,"Devonian 3"
89666,PaleoDB,"A. Miller",,Eldredgeops,,Phacops,30064,"Devonian 3"
89666,PaleoDB,"A. Miller",,Basidechenella,,,30064,"Devonian 3"
89667,PaleoDB,"A. Miller",,Eldredgeops,,Phacops,30064,"Devonian 3"
89667,PaleoDB,"A. Miller",,Monodechenella,,,30064,"Devonian 3"
89667,PaleoDB,"A. Miller",,Greenops,,,30064,"Devonian 3"
89667,PaleoDB,"A. Miller",,Bellacartwrightia,,,30064,"Devonian 3"
89667,PaleoDB,"A. Miller",,Basidechenella,,,30064,"Devonian 3"
89668,PaleoDB,"A. Miller",,Greenops,,,30064,"Devonian 3"
89668,PaleoDB,"A. Miller",,Dipleura,,,30064,"Devonian 3"
89669,PaleoDB,"A. Miller",,Eldredgeops,,Phacops,30064,"Devonian 3"
89669,PaleoDB,"A. Miller",,Monodechenella,,,30064,"Devonian 3"
89669,PaleoDB,"A. Miller",,Greenops,,,30064,"Devonian 3"
89669,PaleoDB,"A. Miller",,Bellacartwrightia,,,30064,"Devonian 3"
89669,PaleoDB,"A. Miller",,Basidechenella,,,30064,"Devonian 3"
89670,PaleoDB,"A. Miller",,Basidechenella,,,30064,"Devonian 3"
89670,PaleoDB,"A. Miller",,Eldredgeops,,Phacops,30064,"Devonian 3"
89670,PaleoDB,"A. Miller",,Monodechenella,,,30064,"Devonian 3"
89670,PaleoDB,"A. Miller",,Greenops,,,30064,"Devonian 3"
89671,PaleoDB,"A. Miller",,Basidechenella,,,30064,"Devonian 3"
89671,PaleoDB,"A. Miller",,Eldredgeops,,Phacops,30064,"Devonian 3"
89671,PaleoDB,"A. Miller",,Monodechenella,,,30064,"Devonian 3"
89671,PaleoDB,"A. Miller",,Greenops,,,30064,"Devonian 3"
89671,PaleoDB,"A. Miller",,Bellacartwrightia,,,30064,"Devonian 3"
89672,PaleoDB,"A. Miller",,Eldredgeops,,Phacops,30064,"Devonian 3"
89673,PaleoDB,"A. Miller",,Eldredgeops,,Phacops,30064,"Devonian 3"
89673,PaleoDB,"A. Miller",,Monodechenella,,,30064,"Devonian 3"
89673,PaleoDB,"A. Miller",,Bellacartwrightia,,,30064,"Devonian 3"
89674,PaleoDB,"A. Miller",,Eldredgeops,,Phacops,30064,"Devonian 3"
89674,PaleoDB,"A. Miller",,Basidechenella,,,30064,"Devonian 3"
89680,PaleoDB,"A. Miller",,Bellacartwrightia,,,30067,"Devonian 3"
89680,PaleoDB,"A. Miller",,Eldredgeops,,Phacops,30067,"Devonian 3"
89683,PaleoDB,"A. Miller",,Greenops,,,30067,"Devonian 3"
89684,PaleoDB,"A. Miller",,Greenops,,,30067,"Devonian 3"
89687,PaleoDB,"A. Miller",,Greenops,,,30067,"Devonian 3"
89689,PaleoDB,"A. Miller",,Bellacartwrightia,,,30067,"Devonian 3"
89690,PaleoDB,"A. Miller",,Greenops,,,30067,"Devonian 3"
89691,PaleoDB,"A. Miller",,Eldredgeops,,Phacops,30067,"Devonian 3"
89698,PaleoDB,"A. Miller",,Bellacartwrightia,,,30067,"Devonian 3"
89698,PaleoDB,"A. Miller",,Greenops,,,30067,"Devonian 3"
89699,PaleoDB,"A. Miller",,Dipleura,,,30067,"Devonian 3"
89707,PaleoDB,"A. Miller",,Greenops,,,30067,"Devonian 3"
89715,PaleoDB,"A. Miller",,Bellacartwrightia,,,30067,"Devonian 3"
89715,PaleoDB,"A. Miller",,Greenops,,,30067,"Devonian 3"
89732,PaleoDB,"A. Miller",,Bellacartwrightia,,,30067,"Devonian 3"
89732,PaleoDB,"A. Miller",,Greenops,,,30067,"Devonian 3"
89734,PaleoDB,"A. Miller",,Greenops,,,30067,"Devonian 3"
89735,PaleoDB,"A. Miller",,Bellacartwrightia,,,30067,"Devonian 3"
89739,PaleoDB,"A. Miller",,Eldredgeops,,Phacops,30067,"Devonian 3"
89741,PaleoDB,"A. Miller",,Eldredgeops,,Phacops,30067,"Devonian 3"
89741,PaleoDB,"A. Miller",,Dipleura,,,30067,"Devonian 3"
89747,PaleoDB,"A. Miller",,Eldredgeops,,Phacops,30067,"Devonian 3"
89750,PaleoDB,"A. Miller",,Eldredgeops,,Phacops,30067,"Devonian 3"
89750,PaleoDB,"A. Miller",,Greenops,,,30067,"Devonian 3"
89751,PaleoDB,"A. Miller",,Greenops,,,30067,"Devonian 3"
89752,PaleoDB,"A. Miller",,Greenops,,,30067,"Devonian 3"
89753,PaleoDB,"A. Miller",,Greenops,,,30067,"Devonian 3"
89754,PaleoDB,"A. Miller",,Greenops,,,30067,"Devonian 3"
89755,PaleoDB,"A. Miller",,Eldredgeops,,Phacops,30067,"Devonian 3"
89756,PaleoDB,"A. Miller",,Eldredgeops,,Phacops,30067,"Devonian 3"
89758,PaleoDB,"A. Miller",,Bellacartwrightia,,,30067,"Devonian 3"
89765,PaleoDB,"A. Miller",,Greenops,,,30067,"Devonian 3"
89766,PaleoDB,"A. Miller",,Greenops,,,30067,"Devonian 3"
89775,PaleoDB,"A. Miller",,Eldredgeops,,Phacops,30067,"Devonian 3"
89777,PaleoDB,"A. Miller",,Greenops,,,30067,"Devonian 3"
89778,PaleoDB,"A. Miller",,Greenops,,,30067,"Devonian 3"
89778,PaleoDB,"A. Miller",,Eldredgeops,,Phacops,30067,"Devonian 3"
89779,PaleoDB,"A. Miller",,Greenops,,,30067,"Devonian 3"
89804,PaleoDB,"A. Miller",,Bellacartwrightia,,,30067,"Devonian 3"
89805,PaleoDB,"A. Miller",,Greenops,,,30067,"Devonian 3"
89812,PaleoDB,"A. Miller",,Greenops,,,30067,"Devonian 3"
89822,PaleoDB,"A. Miller",,Eldredgeops,,Phacops,30067,"Devonian 3"
89826,PaleoDB,"A. Miller",,Greenops,,,30067,"Devonian 3"
89827,PaleoDB,"A. Miller",,Greenops,,,30067,"Devonian 3"
89876,PaleoDB,"A. Miller",,Dipleura,,,30118,"Devonian 3"
89876,PaleoDB,"A. Miller",,Greenops,,,30118,"Devonian 3"
89876,PaleoDB,"A. Miller",,Eldredgeops,,Phacops,30118,"Devonian 3"
89877,PaleoDB,"A. Miller",,Greenops,,,30118,"Devonian 3"
89877,PaleoDB,"A. Miller",,Eldredgeops,,Phacops,30118,"Devonian 3"
89878,PaleoDB,"A. Miller",,Eldredgeops,,Phacops,30118,"Devonian 3"
89879,PaleoDB,"A. Miller",,Eldredgeops,,Phacops,30118,"Devonian 3"
89880,PaleoDB,"A. Miller",,Eldredgeops,,Phacops,30118,"Devonian 3"
89882,PaleoDB,"A. Miller",,Eldredgeops,,Phacops,30118,"Devonian 3"
89883,PaleoDB,"A. Miller",,Eldredgeops,,Phacops,30118,"Devonian 3"
89884,PaleoDB,"A. Miller",,Greenops,,,30118,"Devonian 3"
89885,PaleoDB,"A. Miller",,Eldredgeops,,Phacops,30118,"Devonian 3"
89886,PaleoDB,"A. Miller",,Dipleura,,,30118,"Devonian 3"
89886,PaleoDB,"A. Miller",,Greenops,,,30118,"Devonian 3"
89886,PaleoDB,"A. Miller",,Eldredgeops,,Phacops,30118,"Devonian 3"
89896,PaleoDB,"A. Miller",,Greenops,,,30118,"Devonian 3"
89896,PaleoDB,"A. Miller",,Eldredgeops,,Phacops,30118,"Devonian 3"
89904,PaleoDB,"A. Miller",,Eldredgeops,,Phacops,30118,"Devonian 3"
89910,PaleoDB,"A. Miller",,Eldredgeops,,Phacops,30118,"Devonian 3"
89923,PaleoDB,"A. Miller",,Greenops,,,30118,"Devonian 3"
89931,PaleoDB,"A. Miller",,Eldredgeops,,Phacops,30118,"Devonian 3"
89940,PaleoDB,"A. Miller",,Dipleura,,,30118,"Devonian 3"
89962,PaleoDB,"A. Miller",,Greenops,,,30119,"Devonian 3"
90841,PaleoDB,"A. Miller",,Greenops,,,28312,"Devonian 3"
90843,PaleoDB,"A. Miller",,Eldredgeops,,Phacops,28312,"Devonian 3"
90844,PaleoDB,"A. Miller",,Eldredgeops,,Phacops,28312,"Devonian 3"
90846,PaleoDB,"A. Miller",,Eldredgeops,,Phacops,28312,"Devonian 3"
90848,PaleoDB,"A. Miller",,Greenops,,,28312,"Devonian 3"
90850,PaleoDB,"A. Miller",,Greenops,,,28312,"Devonian 3"
90850,PaleoDB,"A. Miller",,Eldredgeops,,Phacops,28312,"Devonian 3"
91091,PaleoDB,"B. Deline",cf.,Eldredgeops,cf.,Phacops,30540,"Devonian 3"
91215,PaleoDB,"B. Deline",cf.,Eldredgeops,cf.,Phacops,30540,"Devonian 3"
91215,PaleoDB,"B. Deline",cf.,Greenops,,,30540,"Devonian 3"
91216,PaleoDB,"B. Deline",cf.,Eldredgeops,cf.,Phacops,30540,"Devonian 3"
91217,PaleoDB,"B. Deline",cf.,Eldredgeops,cf.,Phacops,30540,"Devonian 3"
91225,PaleoDB,"B. Deline",cf.,Greenops,,,30540,"Devonian 3"
91225,PaleoDB,"B. Deline",cf.,Eldredgeops,cf.,Phacops,30540,"Devonian 3"
91225,PaleoDB,"B. Deline",,Dipleura,,,30540,"Devonian 3"
91226,PaleoDB,"B. Deline",cf.,Eldredgeops,cf.,Phacops,30540,"Devonian 3"
91226,PaleoDB,"B. Deline",cf.,Greenops,,,30540,"Devonian 3"
91227,PaleoDB,"B. Deline",cf.,Greenops,,,30540,"Devonian 3"
91227,PaleoDB,"B. Deline",cf.,Eldredgeops,cf.,Phacops,30540,"Devonian 3"
91228,PaleoDB,"B. Deline",cf.,Greenops,,,30540,"Devonian 3"
91228,PaleoDB,"B. Deline",cf.,Eldredgeops,cf.,Phacops,30540,"Devonian 3"
91229,PaleoDB,"B. Deline",,Bellacartwrightia,,,30540,"Devonian 3"
91229,PaleoDB,"B. Deline",cf.,Greenops,,,30540,"Devonian 3"
91229,PaleoDB,"B. Deline",cf.,Eldredgeops,cf.,Phacops,30540,"Devonian 3"
91232,PaleoDB,"B. Deline",,Bellacartwrightia,,,30540,"Devonian 3"
91232,PaleoDB,"B. Deline",cf.,Greenops,,,30540,"Devonian 3"
91232,PaleoDB,"B. Deline",cf.,Eldredgeops,cf.,Phacops,30540,"Devonian 3"
91232,PaleoDB,"B. Deline",,Dipleura,,,30540,"Devonian 3"
91233,PaleoDB,"B. Deline",,Bellacartwrightia,,,30540,"Devonian 3"
91233,PaleoDB,"B. Deline",cf.,Greenops,,,30540,"Devonian 3"
91233,PaleoDB,"B. Deline",cf.,Eldredgeops,cf.,Phacops,30540,"Devonian 3"
91234,PaleoDB,"B. Deline",,Dipleura,,,30540,"Devonian 3"
91235,PaleoDB,"B. Deline",cf.,Greenops,,,30540,"Devonian 3"
91235,PaleoDB,"B. Deline",cf.,Eldredgeops,cf.,Phacops,30540,"Devonian 3"
91235,PaleoDB,"B. Deline",,Dipleura,,,30540,"Devonian 3"
91236,PaleoDB,"B. Deline",cf.,Greenops,,,30540,"Devonian 3"
91237,PaleoDB,"B. Deline",,Bellacartwrightia,,,30540,"Devonian 3"
91237,PaleoDB,"B. Deline",cf.,Greenops,,,30540,"Devonian 3"
91237,PaleoDB,"B. Deline",cf.,Eldredgeops,cf.,Phacops,30540,"Devonian 3"
91238,PaleoDB,"B. Deline",cf.,Greenops,,,30540,"Devonian 3"
91238,PaleoDB,"B. Deline",cf.,Eldredgeops,cf.,Phacops,30540,"Devonian 3"
91238,PaleoDB,"B. Deline",,Monodechenella,,,30540,"Devonian 3"
91239,PaleoDB,"B. Deline",cf.,Eldredgeops,cf.,Phacops,30540,"Devonian 3"
91240,PaleoDB,"B. Deline",,Basidechenella,,,30540,"Devonian 3"
91240,PaleoDB,"B. Deline",,Bellacartwrightia,,,30540,"Devonian 3"
91240,PaleoDB,"B. Deline",cf.,Greenops,,,30540,"Devonian 3"
91240,PaleoDB,"B. Deline",cf.,Eldredgeops,cf.,Phacops,30540,"Devonian 3"
91240,PaleoDB,"B. Deline",,Monodechenella,,,30540,"Devonian 3"
91241,PaleoDB,"B. Deline",cf.,Eldredgeops,cf.,Phacops,30540,"Devonian 3"
91242,PaleoDB,"B. Deline",cf.,Greenops,,,30540,"Devonian 3"
91242,PaleoDB,"B. Deline",cf.,Eldredgeops,cf.,Phacops,30540,"Devonian 3"
91243,PaleoDB,"B. Deline",cf.,Eldredgeops,cf.,Phacops,30540,"Devonian 3"
91243,PaleoDB,"B. Deline",,Monodechenella,,,30540,"Devonian 3"
91244,PaleoDB,"B. Deline",cf.,Eldredgeops,cf.,Phacops,30540,"Devonian 3"
91245,PaleoDB,"B. Deline",cf.,Eldredgeops,cf.,Phacops,30540,"Devonian 3"
91245,PaleoDB,"B. Deline",,Monodechenella,,,30540,"Devonian 3"
91249,PaleoDB,"B. Deline",cf.,Greenops,,,30540,"Devonian 3"
91249,PaleoDB,"B. Deline",cf.,Eldredgeops,cf.,Phacops,30540,"Devonian 3"
91249,PaleoDB,"B. Deline",,Dipleura,,,30540,"Devonian 3"
91250,PaleoDB,"B. Deline",cf.,Greenops,,,30540,"Devonian 3"
91268,PaleoDB,"B. Deline",cf.,Greenops,,,30540,"Devonian 3"
91268,PaleoDB,"B. Deline",cf.,Eldredgeops,cf.,Phacops,30540,"Devonian 3"
91269,PaleoDB,"B. Deline",cf.,Eldredgeops,cf.,Phacops,30540,"Devonian 3"
91274,PaleoDB,"B. Deline",cf.,Greenops,,,30540,"Devonian 3"
91274,PaleoDB,"B. Deline",cf.,Eldredgeops,cf.,Phacops,30540,"Devonian 3"
91274,PaleoDB,"B. Deline",,Dipleura,,,30540,"Devonian 3"
91275,PaleoDB,"B. Deline",cf.,Greenops,,,30540,"Devonian 3"
91277,PaleoDB,"B. Deline",cf.,Greenops,,,30540,"Devonian 3"
91277,PaleoDB,"B. Deline",cf.,Eldredgeops,cf.,Phacops,30540,"Devonian 3"
91278,PaleoDB,"B. Deline",,Basidechenella,,,30540,"Devonian 3"
91278,PaleoDB,"B. Deline",,Bellacartwrightia,,,30540,"Devonian 3"
91278,PaleoDB,"B. Deline",cf.,Greenops,,,30540,"Devonian 3"
91278,PaleoDB,"B. Deline",cf.,Eldredgeops,cf.,Phacops,30540,"Devonian 3"
91279,PaleoDB,"B. Deline",cf.,Greenops,,,30540,"Devonian 3"
91279,PaleoDB,"B. Deline",cf.,Eldredgeops,cf.,Phacops,30540,"Devonian 3"
91280,PaleoDB,"B. Deline",cf.,Greenops,,,30540,"Devonian 3"
91280,PaleoDB,"B. Deline",cf.,Eldredgeops,cf.,Phacops,30540,"Devonian 3"
91280,PaleoDB,"B. Deline",,Monodechenella,,,30540,"Devonian 3"
96367,PaleoDB,"A. Miller",,Eldredgeops,,Phacops,28312,"Devonian 3"
101679,PaleoDB,"W. Kiessling",,Scutellum,,Goldius,34490,"Devonian 3"
104031,PaleoDB,"P. Wagner",,Thysanopeltella,,,16075,"Devonian 3"
104031,PaleoDB,"P. Wagner",,Dechenella,,,16075,"Devonian 3"
106996,PaleoDB,"W. Kiessling",,Pennaia,,,35677,"Devonian 3"
111331,PaleoDB,"A. Miller",,Eldredgeops,,Phacops,30118,"Devonian 3"
111332,PaleoDB,"A. Miller",,Greenops,,,30118,"Devonian 3"
111343,PaleoDB,"A. Miller",,Eldredgeops,,Phacops,30118,"Devonian 3"
111469,PaleoDB,"A. Miller",,Greenops,,,30119,"Devonian 3"
111471,PaleoDB,"A. Miller",,Eldredgeops,,Phacops,30119,"Devonian 3"
111471,PaleoDB,"A. Miller",,Greenops,,,30119,"Devonian 3"
111901,PaleoDB,"A. Miller",,Proetus,,,36568,"Devonian 3"
111901,PaleoDB,"A. Miller",,Proetus,,,36568,"Devonian 3"
111901,PaleoDB,"A. Miller",,Cyphaspis,,,36568,"Devonian 3"
111903,PaleoDB,"A. Miller",,Proetus,,,36568,"Devonian 3"
111906,PaleoDB,"A. Miller",,Proetus,,,36568,"Devonian 3"
111906,PaleoDB,"A. Miller",,Dalmanites,,,36568,"Devonian 3"
111919,PaleoDB,"A. Miller",,Goldius,,Bronteus,36540,"Devonian 3"
111949,PaleoDB,"A. Miller",,Proetus,,,36540,"Devonian 3"
111954,PaleoDB,"A. Miller",,Proetus,,,36540,"Devonian 3"
127762,PaleoDB,"L. Villier",,Dechenella,,,32017,"Devonian 3"
142429,PaleoDB,"W. Kiessling",,Timsaloproetus,,,46242,"Devonian 3"
142431,PaleoDB,"W. Kiessling",,Timsaloproetus,,,46242,"Devonian 3"
142431,PaleoDB,"W. Kiessling",,Timsaloproetus,,,46242,"Devonian 3"
144265,PaleoDB,"W. Kiessling",,Nyterops,,,46644,"Devonian 3"
154838,,"P. Wagner",,Eldredgeops,,Phacops,16267,"Devonian 4"
